"annotation_id","annotator","choice","created_at","id","image","lead_time","updated_at"
1,"2","Typical peaks","2025-08-05T09:17:52.883282Z",1,"/data/upload/1/c85959c8-EMD-19683.png",41.736999999999995,"2025-08-05T09:24:06.272175Z"
2,"2","Typical smooth","2025-08-05T09:17:59.436056Z",2,"/data/upload/1/913154ed-EMD-19790.png",9.172,"2025-08-05T09:24:14.010232Z"
3,"2","Typical smooth","2025-08-05T09:18:01.244966Z",3,"/data/upload/1/f7b54582-EMD-19811.png",3.957,"2025-08-05T09:24:17.547850Z"
4,"2","Typical smooth","2025-08-05T09:18:02.779242Z",4,"/data/upload/1/47f10c78-EMD-29811.png",3.316,"2025-08-05T09:24:22.895266Z"
5,"2","Typical smooth","2025-08-05T09:18:04.461795Z",5,"/data/upload/1/4d789e5c-EMD-29828.png",3.769,"2025-08-05T09:24:26.886153Z"
6,"2","Typical smooth","2025-08-05T09:18:05.660304Z",6,"/data/upload/1/0cce57c7-EMD-29829.png",2.527,"2025-08-05T09:24:30.507307Z"
7,"2","Typical smooth","2025-08-05T09:18:06.740995Z",7,"/data/upload/1/5c774353-EMD-29830.png",2.766,"2025-08-05T09:24:33.932363Z"
37,"2","Typical smooth","2025-08-05T15:22:44.833683Z",8,"/data/upload/1/a946dc96-EMD-37998.png",1.729,"2025-08-05T15:22:44.833695Z"
9,"2","Typical smooth","2025-08-05T09:18:09.687217Z",9,"/data/upload/1/07250bfd-EMD-38001.png",3.888,"2025-08-05T09:24:41.069687Z"
10,"2","Atypical incorrect","2025-08-05T09:18:12.158159Z",10,"/data/upload/1/1ad8641f-EMD-38002.png",10.629999999999999,"2025-08-05T09:24:50.557103Z"
11,"2","Typical smooth","2025-08-05T09:18:13.437193Z",11,"/data/upload/1/120aed2b-EMD-38008.png",2.704,"2025-08-05T09:24:53.441371Z"
12,"2","Typical smooth","2025-08-05T09:18:14.373693Z",12,"/data/upload/1/bbdad970-EMD-38018.png",2.29,"2025-08-05T09:24:56.209856Z"
13,"2","Typical smooth","2025-08-05T09:18:15.309112Z",13,"/data/upload/1/a11cf64c-EMD-38194.png",2.564,"2025-08-05T09:24:59.750316Z"
14,"2","Typical Noisy","2025-08-05T09:18:18.261935Z",14,"/data/upload/1/e3d796e3-EMD-38220.png",5.996,"2025-08-05T09:25:04.518573Z"
15,"2","Typical Noisy","2025-08-05T09:18:20.324706Z",15,"/data/upload/1/f34deaef-EMD-38221.png",3.685,"2025-08-05T09:25:07.722310Z"
16,"2","Typical smooth","2025-08-05T09:18:21.428425Z",16,"/data/upload/1/69492413-EMD-38222.png",2.7880000000000003,"2025-08-05T09:25:11.315862Z"
17,"2","Typical Noisy","2025-08-05T09:18:22.474038Z",17,"/data/upload/1/c9a071d2-EMD-38223.png",2.834,"2025-08-05T09:25:15.038578Z"
18,"2","Typical smooth","2025-08-05T09:18:23.241254Z",18,"/data/upload/1/0a14ab12-EMD-38237.png",4.962999999999999,"2025-08-05T09:25:20.825180Z"
19,"2","Typical peaks","2025-08-05T09:18:24.014132Z",19,"/data/upload/1/742a734c-EMD-38282.png",2.09,"2025-08-05T09:25:23.692470Z"
20,"2","Typical peaks","2025-08-05T09:18:25.022689Z",20,"/data/upload/1/c59091e9-EMD-38391.png",2.499,"2025-08-05T09:25:26.840707Z"
21,"2","Typical smooth","2025-08-05T09:25:29.655182Z",21,"/data/upload/1/3c45e7bb-EMD-38405.png",1.474,"2025-08-05T09:25:29.655196Z"
22,"2","Typical smooth","2025-08-05T09:25:32.325479Z",22,"/data/upload/1/393a4433-EMD-38406.png",1.235,"2025-08-05T09:25:32.325494Z"
23,"2","Typical smooth","2025-08-05T09:25:40.913756Z",23,"/data/upload/1/40ef186d-EMD-38410.png",6.386,"2025-08-05T09:25:40.913773Z"
24,"2","Typical smooth","2025-08-05T09:25:47.182210Z",24,"/data/upload/1/24cdf1df-EMD-38411.png",6.12,"2025-08-05T09:25:47.182230Z"
25,"2","Typical Noisy","2025-08-05T09:25:51.967966Z",25,"/data/upload/1/2f428a13-EMD-38449.png",4.619,"2025-08-05T09:25:51.967991Z"
26,"2","Atypical incorrect","2025-08-05T09:26:01.602884Z",26,"/data/upload/1/772127cd-EMD-38623.png",9.49,"2025-08-05T09:26:01.602904Z"
27,"2","Typical smooth","2025-08-05T09:26:04.213637Z",27,"/data/upload/1/26048e84-EMD-38777.png",2.409,"2025-08-05T09:26:04.213660Z"
28,"2","Typical smooth","2025-08-05T09:26:05.619209Z",28,"/data/upload/1/b0b54ec2-EMD-38780.png",1.224,"2025-08-05T09:26:05.619226Z"
29,"2","Typical smooth","2025-08-05T09:26:06.641948Z",29,"/data/upload/1/64df1b70-EMD-38781.png",0.858,"2025-08-05T09:26:06.641968Z"
30,"2","Typical smooth","2025-08-05T09:26:07.556179Z",30,"/data/upload/1/00bae092-EMD-38782.png",0.756,"2025-08-05T09:26:07.556199Z"
31,"2","Typical peaks","2025-08-05T09:26:11.031305Z",31,"/data/upload/1/91c1a3b8-EMD-38786.png",3.314,"2025-08-05T09:26:11.031319Z"
32,"2","Typical peaks","2025-08-05T09:26:12.942269Z",32,"/data/upload/1/c665251b-EMD-38787.png",1.746,"2025-08-05T09:26:12.942285Z"
33,"2","Typical smooth","2025-08-05T09:26:14.092502Z",33,"/data/upload/1/f750fbdd-EMD-38801.png",1.006,"2025-08-05T09:26:14.092519Z"
34,"2","Typical smooth","2025-08-05T09:26:15.249700Z",34,"/data/upload/1/ad3ae116-EMD-38859.png",1.012,"2025-08-05T09:26:15.249720Z"
35,"2","Typical smooth","2025-08-05T09:26:16.323971Z",35,"/data/upload/1/8b8c10ff-EMD-39284.png",0.946,"2025-08-05T09:26:16.323981Z"
36,"2","Typical smooth","2025-08-05T15:22:42.777762Z",36,"/data/local-files/?d=Users/jturner/PycharmProjects/fscurvedl/dataprepscripts/fscplots/EMD-14849.png",38.632,"2025-08-05T15:22:42.777776Z"
38,"2","Atypical incorrect","2025-08-05T15:22:52.069470Z",37,"/data/local-files/?d=Users/jturner/PycharmProjects/fscurvedl/dataprepscripts/fscplots/EMD-14863.png",6.902,"2025-08-05T15:22:52.069477Z"
39,"2","Typical smooth","2025-08-05T15:22:53.768258Z",38,"/data/local-files/?d=Users/jturner/PycharmProjects/fscurvedl/dataprepscripts/fscplots/EMD-15124.png",1.396,"2025-08-05T15:22:53.768280Z"
40,"2","Atypical incorrect","2025-08-05T15:23:07.769992Z",39,"/data/local-files/?d=Users/jturner/PycharmProjects/fscurvedl/dataprepscripts/fscplots/EMD-15189.png",13.689,"2025-08-05T15:23:07.770010Z"
41,"2","Atypical other","2025-08-05T15:23:11.131507Z",40,"/data/local-files/?d=Users/jturner/PycharmProjects/fscurvedl/dataprepscripts/fscplots/EMD-15214.png",3.056,"2025-08-05T15:23:11.131523Z"
42,"2","Atypical other","2025-08-05T15:23:12.781203Z",41,"/data/local-files/?d=Users/jturner/PycharmProjects/fscurvedl/dataprepscripts/fscplots/EMD-15215.png",1.338,"2025-08-05T15:23:12.781217Z"
43,"2","Typical smooth","2025-08-05T15:23:15.583849Z",42,"/data/local-files/?d=Users/jturner/PycharmProjects/fscurvedl/dataprepscripts/fscplots/EMD-15272.png",2.466,"2025-08-05T15:23:15.583861Z"
44,"2","Typical Noisy","2025-08-05T15:23:23.663934Z",43,"/data/local-files/?d=Users/jturner/PycharmProjects/fscurvedl/dataprepscripts/fscplots/EMD-15358.png",7.755,"2025-08-05T15:23:23.663956Z"
51,"2","Typical Noisy","2025-08-05T18:36:15.233589Z",44,"/data/local-files/?d=Users/jturner/PycharmProjects/fscurvedl/dataprepscripts/fscplots/EMD-15359.png",3.617,"2025-08-05T18:36:15.233610Z"
46,"2","Typical Noisy","2025-08-05T18:33:59.510319Z",45,"/data/local-files/?d=Users/jturner/PycharmProjects/fscurvedl/dataprepscripts/fscplots/EMD-15360.png",12.006,"2025-08-05T18:33:59.510341Z"
47,"2","Typical Noisy","2025-08-05T18:34:02.427744Z",46,"/data/local-files/?d=Users/jturner/PycharmProjects/fscurvedl/dataprepscripts/fscplots/EMD-15408.png",2.677,"2025-08-05T18:34:02.427765Z"
48,"2","Typical Noisy","2025-08-05T18:34:03.925371Z",47,"/data/local-files/?d=Users/jturner/PycharmProjects/fscurvedl/dataprepscripts/fscplots/EMD-15410.png",1.251,"2025-08-05T18:34:03.925390Z"
49,"2","Typical smooth","2025-08-05T18:34:06.127276Z",48,"/data/local-files/?d=Users/jturner/PycharmProjects/fscurvedl/dataprepscripts/fscplots/EMD-15411.png",1.922,"2025-08-05T18:34:06.127299Z"
50,"2","Atypical incorrect","2025-08-05T18:34:12.896843Z",49,"/data/local-files/?d=Users/jturner/PycharmProjects/fscurvedl/dataprepscripts/fscplots/EMD-15412.png",6.515,"2025-08-05T18:34:12.896874Z"
52,"2","Atypical other","2025-08-05T18:36:49.452585Z",50,"/data/local-files/?d=Users/jturner/PycharmProjects/fscurvedl/dataprepscripts/fscplots/EMD-15436.png",8.514,"2025-08-05T18:36:49.452601Z"
53,"2","Atypical other","2025-08-05T18:36:52.366108Z",51,"/data/local-files/?d=Users/jturner/PycharmProjects/fscurvedl/dataprepscripts/fscplots/EMD-15439.png",2.579,"2025-08-05T18:36:52.366129Z"
54,"2","Atypical Noisy","2025-08-05T18:37:01.641546Z",52,"/data/local-files/?d=Users/jturner/PycharmProjects/fscurvedl/dataprepscripts/fscplots/EMD-15441.png",9.034,"2025-08-05T18:37:01.641567Z"
55,"2","Atypical Noisy","2025-08-05T18:37:03.748334Z",53,"/data/local-files/?d=Users/jturner/PycharmProjects/fscurvedl/dataprepscripts/fscplots/EMD-15444.png",1.821,"2025-08-05T18:37:03.748347Z"
56,"2","Typical smooth","2025-08-05T18:37:06.307956Z",54,"/data/local-files/?d=Users/jturner/PycharmProjects/fscurvedl/dataprepscripts/fscplots/EMD-15452.png",2.337,"2025-08-05T18:37:06.307979Z"
57,"2","Atypical incorrect","2025-08-05T18:37:11.576224Z",55,"/data/local-files/?d=Users/jturner/PycharmProjects/fscurvedl/dataprepscripts/fscplots/EMD-15453.png",5.013,"2025-08-05T18:37:11.576245Z"
58,"2","Atypical incorrect","2025-08-05T18:37:13.232611Z",56,"/data/local-files/?d=Users/jturner/PycharmProjects/fscurvedl/dataprepscripts/fscplots/EMD-15454.png",1.441,"2025-08-05T18:37:13.232625Z"
59,"2","Typical Noisy","2025-08-05T18:37:17.463335Z",57,"/data/local-files/?d=Users/jturner/PycharmProjects/fscurvedl/dataprepscripts/fscplots/EMD-15455.png",3.939,"2025-08-05T18:37:17.463353Z"
60,"2","Atypical incorrect","2025-08-05T18:37:21.477727Z",58,"/data/local-files/?d=Users/jturner/PycharmProjects/fscurvedl/dataprepscripts/fscplots/EMD-15456.png",3.803,"2025-08-05T18:37:21.477749Z"
61,"2","Typical Noisy","2025-08-05T18:37:24.200740Z",59,"/data/local-files/?d=Users/jturner/PycharmProjects/fscurvedl/dataprepscripts/fscplots/EMD-15457.png",2.45,"2025-08-05T18:37:24.200759Z"
62,"2","Typical Noisy","2025-08-05T18:37:26.625765Z",60,"/data/local-files/?d=Users/jturner/PycharmProjects/fscurvedl/dataprepscripts/fscplots/EMD-15458.png",2.139,"2025-08-05T18:37:26.625778Z"
63,"2","Typical Noisy","2025-08-05T18:37:28.529787Z",61,"/data/local-files/?d=Users/jturner/PycharmProjects/fscurvedl/dataprepscripts/fscplots/EMD-15459.png",1.629,"2025-08-05T18:37:28.529804Z"
64,"2","Atypical Noisy","2025-08-05T18:37:32.340615Z",62,"/data/local-files/?d=Users/jturner/PycharmProjects/fscurvedl/dataprepscripts/fscplots/EMD-15460.png",3.614,"2025-08-05T18:37:32.340637Z"
65,"2","Typical Noisy","2025-08-05T18:37:57.621735Z",63,"/data/local-files/?d=Users/jturner/PycharmProjects/fscurvedl/dataprepscripts/fscplots/EMD-15461.png",25.014,"2025-08-05T18:37:57.621747Z"
66,"2","Typical Noisy","2025-08-05T18:37:59.292843Z",64,"/data/local-files/?d=Users/jturner/PycharmProjects/fscurvedl/dataprepscripts/fscplots/EMD-15462.png",1.374,"2025-08-05T18:37:59.292867Z"
67,"2","Atypical incorrect","2025-08-05T18:38:03.060633Z",65,"/data/local-files/?d=Users/jturner/PycharmProjects/fscurvedl/dataprepscripts/fscplots/EMD-15463.png",3.55,"2025-08-05T18:38:03.060646Z"
68,"2","Atypical incorrect","2025-08-05T18:38:04.860814Z",66,"/data/local-files/?d=Users/jturner/PycharmProjects/fscurvedl/dataprepscripts/fscplots/EMD-15464.png",1.52,"2025-08-05T18:38:04.860827Z"
69,"2","Atypical incorrect","2025-08-05T18:38:08.855203Z",67,"/data/local-files/?d=Users/jturner/PycharmProjects/fscurvedl/dataprepscripts/fscplots/EMD-15466.png",3.76,"2025-08-05T18:38:08.855225Z"
70,"2","Atypical incorrect","2025-08-05T18:38:10.496729Z",68,"/data/local-files/?d=Users/jturner/PycharmProjects/fscurvedl/dataprepscripts/fscplots/EMD-15467.png",1.377,"2025-08-05T18:38:10.496749Z"
71,"2","Atypical incorrect","2025-08-05T18:38:12.776130Z",69,"/data/local-files/?d=Users/jturner/PycharmProjects/fscurvedl/dataprepscripts/fscplots/EMD-15468.png",2.006,"2025-08-05T18:38:12.776150Z"
72,"2","Atypical incorrect","2025-08-05T18:38:14.406356Z",70,"/data/local-files/?d=Users/jturner/PycharmProjects/fscurvedl/dataprepscripts/fscplots/EMD-15469.png",1.374,"2025-08-05T18:38:14.406374Z"
73,"2","Typical peaks","2025-08-05T18:38:17.308701Z",71,"/data/local-files/?d=Users/jturner/PycharmProjects/fscurvedl/dataprepscripts/fscplots/EMD-15470.png",2.628,"2025-08-05T18:38:17.308717Z"
74,"2","Typical smooth","2025-08-05T18:38:19.440531Z",72,"/data/local-files/?d=Users/jturner/PycharmProjects/fscurvedl/dataprepscripts/fscplots/EMD-15472.png",1.878,"2025-08-05T18:38:19.440546Z"
75,"2","Typical peaks","2025-08-05T18:38:22.873492Z",73,"/data/local-files/?d=Users/jturner/PycharmProjects/fscurvedl/dataprepscripts/fscplots/EMD-15489.png",3.195,"2025-08-05T18:38:22.873512Z"
76,"2","Typical peaks","2025-08-05T18:38:24.396371Z",74,"/data/local-files/?d=Users/jturner/PycharmProjects/fscurvedl/dataprepscripts/fscplots/EMD-15490.png",1.3,"2025-08-05T18:38:24.396392Z"
77,"2","Typical Noisy","2025-08-05T18:38:26.141689Z",75,"/data/local-files/?d=Users/jturner/PycharmProjects/fscurvedl/dataprepscripts/fscplots/EMD-15491.png",1.488,"2025-08-05T18:38:26.141712Z"
78,"2","Typical Noisy","2025-08-05T18:38:27.509300Z",76,"/data/local-files/?d=Users/jturner/PycharmProjects/fscurvedl/dataprepscripts/fscplots/EMD-15492.png",1.103,"2025-08-05T18:38:27.509310Z"
79,"2","Typical Noisy","2025-08-05T18:38:28.576746Z",77,"/data/local-files/?d=Users/jturner/PycharmProjects/fscurvedl/dataprepscripts/fscplots/EMD-15493.png",0.86,"2025-08-05T18:38:28.576767Z"
80,"2","Typical Noisy","2025-08-05T18:38:29.612347Z",78,"/data/local-files/?d=Users/jturner/PycharmProjects/fscurvedl/dataprepscripts/fscplots/EMD-15494.png",0.826,"2025-08-05T18:38:29.612359Z"
81,"2","Typical Noisy","2025-08-05T18:38:30.793320Z",79,"/data/local-files/?d=Users/jturner/PycharmProjects/fscurvedl/dataprepscripts/fscplots/EMD-15495.png",0.875,"2025-08-05T18:38:30.793335Z"
82,"2","Typical Noisy","2025-08-05T18:38:33.622011Z",80,"/data/local-files/?d=Users/jturner/PycharmProjects/fscurvedl/dataprepscripts/fscplots/EMD-15496.png",2.569,"2025-08-05T18:38:33.622031Z"
83,"2","Typical Noisy","2025-08-05T18:38:35.014549Z",81,"/data/local-files/?d=Users/jturner/PycharmProjects/fscurvedl/dataprepscripts/fscplots/EMD-15497.png",1.179,"2025-08-05T18:38:35.014569Z"
84,"2","Typical Noisy","2025-08-05T18:38:43.511518Z",82,"/data/local-files/?d=Users/jturner/PycharmProjects/fscurvedl/dataprepscripts/fscplots/EMD-15498.png",8.201,"2025-08-05T18:38:43.511530Z"
85,"2","Typical peaks","2025-08-05T18:38:45.234525Z",83,"/data/local-files/?d=Users/jturner/PycharmProjects/fscurvedl/dataprepscripts/fscplots/EMD-15499.png",1.448,"2025-08-05T18:38:45.234536Z"
86,"2","Typical smooth","2025-08-05T18:38:46.808473Z",84,"/data/local-files/?d=Users/jturner/PycharmProjects/fscurvedl/dataprepscripts/fscplots/EMD-15529.png",1.339,"2025-08-05T18:38:46.808487Z"
87,"2","Typical smooth","2025-08-05T18:38:48.544246Z",85,"/data/local-files/?d=Users/jturner/PycharmProjects/fscurvedl/dataprepscripts/fscplots/EMD-15689.png",1.524,"2025-08-05T18:38:48.544261Z"
88,"2","Typical peaks","2025-08-05T18:38:50.657535Z",86,"/data/local-files/?d=Users/jturner/PycharmProjects/fscurvedl/dataprepscripts/fscplots/EMD-15696.png",1.832,"2025-08-05T18:38:50.657552Z"
89,"2","Typical smooth","2025-08-05T18:38:53.025527Z",87,"/data/local-files/?d=Users/jturner/PycharmProjects/fscurvedl/dataprepscripts/fscplots/EMD-15697.png",2.114,"2025-08-05T18:38:53.025549Z"
90,"2","Typical smooth","2025-08-05T18:38:54.338458Z",88,"/data/local-files/?d=Users/jturner/PycharmProjects/fscurvedl/dataprepscripts/fscplots/EMD-15698.png",1.038,"2025-08-05T18:38:54.338478Z"
91,"2","Typical smooth","2025-08-05T18:38:55.645418Z",89,"/data/local-files/?d=Users/jturner/PycharmProjects/fscurvedl/dataprepscripts/fscplots/EMD-15699.png",1.097,"2025-08-05T18:38:55.645433Z"
92,"2","Typical smooth","2025-08-05T18:39:12.004087Z",90,"/data/local-files/?d=Users/jturner/PycharmProjects/fscurvedl/dataprepscripts/fscplots/EMD-15728.png",16.139,"2025-08-05T18:39:12.004106Z"
93,"2","Typical smooth","2025-08-05T18:39:22.293548Z",91,"/data/local-files/?d=Users/jturner/PycharmProjects/fscurvedl/dataprepscripts/fscplots/EMD-15729.png",10.031,"2025-08-05T18:39:22.293564Z"
94,"2","Typical peaks","2025-08-05T18:39:23.823387Z",92,"/data/local-files/?d=Users/jturner/PycharmProjects/fscurvedl/dataprepscripts/fscplots/EMD-15730.png",1.305,"2025-08-05T18:39:23.823407Z"
95,"2","Typical peaks","2025-08-05T18:39:25.177247Z",93,"/data/local-files/?d=Users/jturner/PycharmProjects/fscurvedl/dataprepscripts/fscplots/EMD-15731.png",1.045,"2025-08-05T18:39:25.177260Z"
96,"2","Typical peaks","2025-08-05T18:39:27.227282Z",94,"/data/local-files/?d=Users/jturner/PycharmProjects/fscurvedl/dataprepscripts/fscplots/EMD-15753.png",1.784,"2025-08-05T18:39:27.227305Z"
97,"2","Typical smooth","2025-08-05T18:39:29.227950Z",95,"/data/local-files/?d=Users/jturner/PycharmProjects/fscurvedl/dataprepscripts/fscplots/EMD-15754.png",1.703,"2025-08-05T18:39:29.227973Z"
98,"2","Typical peaks","2025-08-05T18:39:30.692316Z",96,"/data/local-files/?d=Users/jturner/PycharmProjects/fscurvedl/dataprepscripts/fscplots/EMD-15755.png",1.242,"2025-08-05T18:39:30.692331Z"
99,"2","Typical Noisy","2025-08-05T18:39:33.777072Z",97,"/data/local-files/?d=Users/jturner/PycharmProjects/fscurvedl/dataprepscripts/fscplots/EMD-15756.png",2.768,"2025-08-05T18:39:33.777086Z"
100,"2","Typical smooth","2025-08-05T18:39:35.722225Z",98,"/data/local-files/?d=Users/jturner/PycharmProjects/fscurvedl/dataprepscripts/fscplots/EMD-15767.png",1.725,"2025-08-05T18:39:35.722239Z"
101,"2","Typical smooth","2025-08-05T18:39:37.148092Z",99,"/data/local-files/?d=Users/jturner/PycharmProjects/fscurvedl/dataprepscripts/fscplots/EMD-15768.png",1.16,"2025-08-05T18:39:37.148106Z"
102,"2","Typical Noisy","2025-08-05T18:39:38.554293Z",100,"/data/local-files/?d=Users/jturner/PycharmProjects/fscurvedl/dataprepscripts/fscplots/EMD-15769.png",5.407,"2025-08-05T18:39:47.866604Z"
103,"2","Typical smooth","2025-08-05T18:39:56.258634Z",101,"/data/local-files/?d=Users/jturner/PycharmProjects/fscurvedl/dataprepscripts/fscplots/EMD-15827.png",4.286,"2025-08-05T18:39:56.258649Z"
104,"2","Typical Noisy","2025-08-05T18:39:58.255034Z",102,"/data/local-files/?d=Users/jturner/PycharmProjects/fscurvedl/dataprepscripts/fscplots/EMD-15898.png",1.768,"2025-08-05T18:39:58.255054Z"
105,"2","Typical smooth","2025-08-05T18:39:59.627686Z",103,"/data/local-files/?d=Users/jturner/PycharmProjects/fscurvedl/dataprepscripts/fscplots/EMD-15931.png",1.105,"2025-08-05T18:39:59.627707Z"
106,"2","Typical smooth","2025-08-05T18:40:00.704519Z",104,"/data/local-files/?d=Users/jturner/PycharmProjects/fscurvedl/dataprepscripts/fscplots/EMD-15932.png",0.822,"2025-08-05T18:40:00.704538Z"
107,"2","Typical smooth","2025-08-05T18:40:01.775283Z",105,"/data/local-files/?d=Users/jturner/PycharmProjects/fscurvedl/dataprepscripts/fscplots/EMD-15933.png",0.81,"2025-08-05T18:40:01.775297Z"
108,"2","Typical smooth","2025-08-05T18:40:02.956846Z",106,"/data/local-files/?d=Users/jturner/PycharmProjects/fscurvedl/dataprepscripts/fscplots/EMD-15934.png",0.915,"2025-08-05T18:40:02.956860Z"
109,"2","Typical smooth","2025-08-05T18:40:04.243932Z",107,"/data/local-files/?d=Users/jturner/PycharmProjects/fscurvedl/dataprepscripts/fscplots/EMD-15935.png",0.98,"2025-08-05T18:40:04.243953Z"
110,"2","Typical smooth","2025-08-05T18:40:05.457288Z",108,"/data/local-files/?d=Users/jturner/PycharmProjects/fscurvedl/dataprepscripts/fscplots/EMD-15939.png",0.988,"2025-08-05T18:40:05.457302Z"
111,"2","Typical smooth","2025-08-05T18:40:06.634773Z",109,"/data/local-files/?d=Users/jturner/PycharmProjects/fscurvedl/dataprepscripts/fscplots/EMD-15940.png",0.909,"2025-08-05T18:40:06.634801Z"
112,"2","Typical smooth","2025-08-05T18:40:07.848727Z",110,"/data/local-files/?d=Users/jturner/PycharmProjects/fscurvedl/dataprepscripts/fscplots/EMD-15941.png",0.995,"2025-08-05T18:40:07.848746Z"
113,"2","Typical smooth","2025-08-05T18:40:08.953811Z",111,"/data/local-files/?d=Users/jturner/PycharmProjects/fscurvedl/dataprepscripts/fscplots/EMD-15942.png",0.836,"2025-08-05T18:40:08.953835Z"
114,"2","Typical smooth","2025-08-05T18:40:10.489607Z",112,"/data/local-files/?d=Users/jturner/PycharmProjects/fscurvedl/dataprepscripts/fscplots/EMD-15943.png",1.272,"2025-08-05T18:40:10.489619Z"
115,"2","Typical Noisy","2025-08-05T18:40:12.723959Z",113,"/data/local-files/?d=Users/jturner/PycharmProjects/fscurvedl/dataprepscripts/fscplots/EMD-15944.png",2.01,"2025-08-05T18:40:12.723972Z"
116,"2","Typical Noisy","2025-08-05T18:40:13.872218Z",114,"/data/local-files/?d=Users/jturner/PycharmProjects/fscurvedl/dataprepscripts/fscplots/EMD-15945.png",0.885,"2025-08-05T18:40:13.872239Z"
117,"2","Typical smooth","2025-08-05T18:40:15.231110Z",115,"/data/local-files/?d=Users/jturner/PycharmProjects/fscurvedl/dataprepscripts/fscplots/EMD-15946.png",0.97,"2025-08-05T18:40:15.231130Z"
118,"2","Typical smooth","2025-08-05T18:40:17.252391Z",116,"/data/local-files/?d=Users/jturner/PycharmProjects/fscurvedl/dataprepscripts/fscplots/EMD-15952.png",1.742,"2025-08-05T18:40:17.252411Z"
119,"2","Atypical incorrect","2025-08-05T18:40:20.190467Z",117,"/data/local-files/?d=Users/jturner/PycharmProjects/fscurvedl/dataprepscripts/fscplots/EMD-15963.png",2.672,"2025-08-05T18:40:20.190495Z"
120,"2","Atypical incorrect","2025-08-05T18:40:21.806905Z",118,"/data/local-files/?d=Users/jturner/PycharmProjects/fscurvedl/dataprepscripts/fscplots/EMD-15964.png",1.387,"2025-08-05T18:40:21.806927Z"
121,"2","Atypical Noisy","2025-08-05T18:40:25.654614Z",119,"/data/local-files/?d=Users/jturner/PycharmProjects/fscurvedl/dataprepscripts/fscplots/EMD-15965.png",3.625,"2025-08-05T18:40:25.654635Z"
122,"2","Typical smooth","2025-08-05T18:40:27.426371Z",120,"/data/local-files/?d=Users/jturner/PycharmProjects/fscurvedl/dataprepscripts/fscplots/EMD-15966.png",1.493,"2025-08-05T18:40:27.426383Z"
123,"2","Typical smooth","2025-08-05T18:40:29.105290Z",121,"/data/local-files/?d=Users/jturner/PycharmProjects/fscurvedl/dataprepscripts/fscplots/EMD-15967.png",1.394,"2025-08-05T18:40:29.105312Z"
124,"2","Typical smooth","2025-08-05T18:40:30.208768Z",122,"/data/local-files/?d=Users/jturner/PycharmProjects/fscurvedl/dataprepscripts/fscplots/EMD-15968.png",0.865,"2025-08-05T18:40:30.208786Z"
125,"2","Typical smooth","2025-08-05T18:40:31.392225Z",123,"/data/local-files/?d=Users/jturner/PycharmProjects/fscurvedl/dataprepscripts/fscplots/EMD-15969.png",0.952,"2025-08-05T18:40:31.392239Z"
126,"2","Typical smooth","2025-08-05T18:40:32.408653Z",124,"/data/local-files/?d=Users/jturner/PycharmProjects/fscurvedl/dataprepscripts/fscplots/EMD-15970.png",0.788,"2025-08-05T18:40:32.408669Z"
127,"2","Typical smooth","2025-08-05T18:40:33.324349Z",125,"/data/local-files/?d=Users/jturner/PycharmProjects/fscurvedl/dataprepscripts/fscplots/EMD-15982.png",0.679,"2025-08-05T18:40:33.324364Z"
128,"2","Typical smooth","2025-08-05T18:40:34.245036Z",126,"/data/local-files/?d=Users/jturner/PycharmProjects/fscurvedl/dataprepscripts/fscplots/EMD-15983.png",0.683,"2025-08-05T18:40:34.245055Z"
129,"2","Atypical incorrect","2025-08-05T18:40:36.837697Z",127,"/data/local-files/?d=Users/jturner/PycharmProjects/fscurvedl/dataprepscripts/fscplots/EMD-15985.png",2.365,"2025-08-05T18:40:36.837712Z"
130,"2","Atypical other","2025-08-05T18:40:39.085933Z",128,"/data/local-files/?d=Users/jturner/PycharmProjects/fscurvedl/dataprepscripts/fscplots/EMD-15986.png",2.012,"2025-08-05T18:40:39.085959Z"
131,"2","Atypical other","2025-08-05T18:40:47.858028Z",129,"/data/local-files/?d=Users/jturner/PycharmProjects/fscurvedl/dataprepscripts/fscplots/EMD-16001.png",8.543,"2025-08-05T18:40:47.858052Z"
132,"2","Atypical incorrect","2025-08-05T18:40:51.252447Z",130,"/data/local-files/?d=Users/jturner/PycharmProjects/fscurvedl/dataprepscripts/fscplots/EMD-16002.png",3.163,"2025-08-05T18:40:51.252476Z"
133,"2","Typical smooth","2025-08-05T18:40:53.803176Z",131,"/data/local-files/?d=Users/jturner/PycharmProjects/fscurvedl/dataprepscripts/fscplots/EMD-16004.png",2.277,"2025-08-05T18:40:53.803199Z"
134,"2","Typical peaks","2025-08-05T18:40:57.747016Z",132,"/data/local-files/?d=Users/jturner/PycharmProjects/fscurvedl/dataprepscripts/fscplots/EMD-16005.png",3.71,"2025-08-05T18:40:57.747036Z"
135,"2","Typical smooth","2025-08-05T18:40:59.374893Z",133,"/data/local-files/?d=Users/jturner/PycharmProjects/fscurvedl/dataprepscripts/fscplots/EMD-16017.png",1.346,"2025-08-05T18:40:59.374909Z"
136,"2","Typical smooth","2025-08-05T18:41:01.805371Z",134,"/data/local-files/?d=Users/jturner/PycharmProjects/fscurvedl/dataprepscripts/fscplots/EMD-16024.png",2.205,"2025-08-05T18:41:01.805394Z"
137,"2","Typical smooth","2025-08-05T18:41:03.525008Z",135,"/data/local-files/?d=Users/jturner/PycharmProjects/fscurvedl/dataprepscripts/fscplots/EMD-16026.png",1.443,"2025-08-05T18:41:03.525029Z"
138,"2","Typical smooth","2025-08-05T18:41:08.656218Z",136,"/data/local-files/?d=Users/jturner/PycharmProjects/fscurvedl/dataprepscripts/fscplots/EMD-16032.png",4.902,"2025-08-05T18:41:08.656235Z"
139,"2","Typical smooth","2025-08-05T18:41:11.502587Z",137,"/data/local-files/?d=Users/jturner/PycharmProjects/fscurvedl/dataprepscripts/fscplots/EMD-16050.png",2.6,"2025-08-05T18:41:11.502611Z"
140,"2","Typical smooth","2025-08-05T18:41:12.687637Z",138,"/data/local-files/?d=Users/jturner/PycharmProjects/fscurvedl/dataprepscripts/fscplots/EMD-16051.png",0.953,"2025-08-05T18:41:12.687654Z"
141,"2","Typical smooth","2025-08-05T18:41:13.790489Z",139,"/data/local-files/?d=Users/jturner/PycharmProjects/fscurvedl/dataprepscripts/fscplots/EMD-16055.png",0.862,"2025-08-05T18:41:13.790509Z"
142,"2","Typical smooth","2025-08-05T18:41:14.987089Z",140,"/data/local-files/?d=Users/jturner/PycharmProjects/fscurvedl/dataprepscripts/fscplots/EMD-16058.png",0.965,"2025-08-05T18:41:14.987111Z"
143,"2","Typical smooth","2025-08-05T18:41:16.150153Z",141,"/data/local-files/?d=Users/jturner/PycharmProjects/fscurvedl/dataprepscripts/fscplots/EMD-16060.png",0.915,"2025-08-05T18:41:16.150167Z"
144,"2","Typical smooth","2025-08-05T18:41:17.836889Z",142,"/data/local-files/?d=Users/jturner/PycharmProjects/fscurvedl/dataprepscripts/fscplots/EMD-16063.png",1.45,"2025-08-05T18:41:17.836911Z"
145,"2","Typical smooth","2025-08-05T18:41:19.226930Z",143,"/data/local-files/?d=Users/jturner/PycharmProjects/fscurvedl/dataprepscripts/fscplots/EMD-16066.png",1.152,"2025-08-05T18:41:19.226952Z"
146,"2","Typical smooth","2025-08-05T18:41:23.133670Z",144,"/data/local-files/?d=Users/jturner/PycharmProjects/fscurvedl/dataprepscripts/fscplots/EMD-16067.png",3.676,"2025-08-05T18:41:23.133693Z"
147,"2","Typical smooth","2025-08-05T18:41:24.105996Z",145,"/data/local-files/?d=Users/jturner/PycharmProjects/fscurvedl/dataprepscripts/fscplots/EMD-16068.png",0.732,"2025-08-05T18:41:24.106011Z"
148,"2","Typical smooth","2025-08-05T18:41:25.535494Z",146,"/data/local-files/?d=Users/jturner/PycharmProjects/fscurvedl/dataprepscripts/fscplots/EMD-16089.png",1.195,"2025-08-05T18:41:25.535514Z"
149,"2","Typical smooth","2025-08-05T18:41:27.023403Z",147,"/data/local-files/?d=Users/jturner/PycharmProjects/fscurvedl/dataprepscripts/fscplots/EMD-16103.png",1.232,"2025-08-05T18:41:27.023418Z"
150,"2","Typical smooth","2025-08-05T18:41:28.186920Z",148,"/data/local-files/?d=Users/jturner/PycharmProjects/fscurvedl/dataprepscripts/fscplots/EMD-16104.png",0.93,"2025-08-05T18:41:28.186941Z"
151,"2","Typical smooth","2025-08-05T18:41:30.171326Z",149,"/data/local-files/?d=Users/jturner/PycharmProjects/fscurvedl/dataprepscripts/fscplots/EMD-16105.png",1.747,"2025-08-05T18:41:30.171346Z"
152,"2","Typical smooth","2025-08-05T18:41:31.606131Z",150,"/data/local-files/?d=Users/jturner/PycharmProjects/fscurvedl/dataprepscripts/fscplots/EMD-16127.png",1.19,"2025-08-05T18:41:31.606149Z"
153,"2","Typical smooth","2025-08-05T18:41:32.905746Z",151,"/data/local-files/?d=Users/jturner/PycharmProjects/fscurvedl/dataprepscripts/fscplots/EMD-16140.png",1.061,"2025-08-05T18:41:32.905763Z"
154,"2","Typical smooth","2025-08-05T18:41:34.490834Z",152,"/data/local-files/?d=Users/jturner/PycharmProjects/fscurvedl/dataprepscripts/fscplots/EMD-16158.png",1.249,"2025-08-05T18:41:34.490853Z"
155,"2","Typical smooth","2025-08-05T18:41:35.905946Z",153,"/data/local-files/?d=Users/jturner/PycharmProjects/fscurvedl/dataprepscripts/fscplots/EMD-16159.png",1.16,"2025-08-05T18:41:35.905962Z"
156,"2","Typical peaks","2025-08-05T18:41:36.989172Z",154,"/data/local-files/?d=Users/jturner/PycharmProjects/fscurvedl/dataprepscripts/fscplots/EMD-16160.png",0.847,"2025-08-05T18:41:36.989188Z"
157,"2","Typical peaks","2025-08-05T18:41:39.621890Z",155,"/data/local-files/?d=Users/jturner/PycharmProjects/fscurvedl/dataprepscripts/fscplots/EMD-16161.png",2.396,"2025-08-05T18:41:39.621909Z"
158,"2","Typical peaks","2025-08-05T18:41:40.719072Z",156,"/data/local-files/?d=Users/jturner/PycharmProjects/fscurvedl/dataprepscripts/fscplots/EMD-16163.png",0.857,"2025-08-05T18:41:40.719094Z"
159,"2","Atypical other","2025-08-05T18:41:45.137345Z",157,"/data/local-files/?d=Users/jturner/PycharmProjects/fscurvedl/dataprepscripts/fscplots/EMD-16218.png",4.173,"2025-08-05T18:41:45.137357Z"
160,"2","Atypical other","2025-08-05T18:41:46.684977Z",158,"/data/local-files/?d=Users/jturner/PycharmProjects/fscurvedl/dataprepscripts/fscplots/EMD-16219.png",1.311,"2025-08-05T18:41:46.684991Z"
161,"2","Typical smooth","2025-08-05T18:41:49.602769Z",159,"/data/local-files/?d=Users/jturner/PycharmProjects/fscurvedl/dataprepscripts/fscplots/EMD-16229.png",2.668,"2025-08-05T18:41:49.602792Z"
162,"2","Typical peaks","2025-08-05T18:41:52.336374Z",160,"/data/local-files/?d=Users/jturner/PycharmProjects/fscurvedl/dataprepscripts/fscplots/EMD-16230.png",2.498,"2025-08-05T18:41:52.336388Z"
163,"2","Atypical incorrect","2025-08-05T18:41:56.739303Z",161,"/data/local-files/?d=Users/jturner/PycharmProjects/fscurvedl/dataprepscripts/fscplots/EMD-16231.png",4.156,"2025-08-05T18:41:56.739317Z"
164,"2","Typical smooth","2025-08-05T18:41:58.381626Z",162,"/data/local-files/?d=Users/jturner/PycharmProjects/fscurvedl/dataprepscripts/fscplots/EMD-16233.png",1.379,"2025-08-05T18:41:58.381648Z"
165,"2","Typical smooth","2025-08-05T18:41:59.651456Z",163,"/data/local-files/?d=Users/jturner/PycharmProjects/fscurvedl/dataprepscripts/fscplots/EMD-16234.png",1.028,"2025-08-05T18:41:59.651472Z"
166,"2","Atypical incorrect","2025-08-05T18:42:04.429204Z",164,"/data/local-files/?d=Users/jturner/PycharmProjects/fscurvedl/dataprepscripts/fscplots/EMD-16242.png",4.543,"2025-08-05T18:42:04.429215Z"
167,"2","Atypical incorrect","2025-08-05T18:42:05.665505Z",165,"/data/local-files/?d=Users/jturner/PycharmProjects/fscurvedl/dataprepscripts/fscplots/EMD-16243.png",1.008,"2025-08-05T18:42:05.665529Z"
168,"2","Atypical Noisy","2025-08-05T18:42:09.981088Z",166,"/data/local-files/?d=Users/jturner/PycharmProjects/fscurvedl/dataprepscripts/fscplots/EMD-16245.png",4.024,"2025-08-05T18:42:09.981113Z"
169,"2","Typical peaks","2025-08-05T18:42:13.915461Z",167,"/data/local-files/?d=Users/jturner/PycharmProjects/fscurvedl/dataprepscripts/fscplots/EMD-16249.png",3.685,"2025-08-05T18:42:13.915482Z"
170,"2","Typical peaks","2025-08-05T18:42:15.023077Z",168,"/data/local-files/?d=Users/jturner/PycharmProjects/fscurvedl/dataprepscripts/fscplots/EMD-16252.png",0.868,"2025-08-05T18:42:15.023088Z"
171,"2","Typical peaks","2025-08-05T18:42:16.034535Z",169,"/data/local-files/?d=Users/jturner/PycharmProjects/fscurvedl/dataprepscripts/fscplots/EMD-16253.png",0.752,"2025-08-05T18:42:16.034550Z"
172,"2","Typical peaks","2025-08-05T18:42:17.172465Z",170,"/data/local-files/?d=Users/jturner/PycharmProjects/fscurvedl/dataprepscripts/fscplots/EMD-16254.png",0.883,"2025-08-05T18:42:17.172481Z"
173,"2","Typical peaks","2025-08-05T18:42:19.297295Z",171,"/data/local-files/?d=Users/jturner/PycharmProjects/fscurvedl/dataprepscripts/fscplots/EMD-16255.png",1.884,"2025-08-05T18:42:19.297321Z"
174,"2","Atypical other","2025-08-05T18:42:24.717218Z",172,"/data/local-files/?d=Users/jturner/PycharmProjects/fscurvedl/dataprepscripts/fscplots/EMD-16256.png",5.169,"2025-08-05T18:42:24.717238Z"
175,"2","Atypical incorrect","2025-08-05T18:42:28.752009Z",173,"/data/local-files/?d=Users/jturner/PycharmProjects/fscurvedl/dataprepscripts/fscplots/EMD-16257.png",3.786,"2025-08-05T18:42:28.752032Z"
176,"2","Atypical incorrect","2025-08-05T18:42:32.864376Z",174,"/data/local-files/?d=Users/jturner/PycharmProjects/fscurvedl/dataprepscripts/fscplots/EMD-16258.png",3.852,"2025-08-05T18:42:32.864403Z"
177,"2","Atypical incorrect","2025-08-05T18:42:34.317605Z",175,"/data/local-files/?d=Users/jturner/PycharmProjects/fscurvedl/dataprepscripts/fscplots/EMD-16259.png",1.202,"2025-08-05T18:42:34.317623Z"
178,"2","Atypical incorrect","2025-08-05T18:42:35.369875Z",176,"/data/local-files/?d=Users/jturner/PycharmProjects/fscurvedl/dataprepscripts/fscplots/EMD-16260.png",0.768,"2025-08-05T18:42:35.369889Z"
179,"2","Typical peaks","2025-08-05T18:42:38.033734Z",177,"/data/local-files/?d=Users/jturner/PycharmProjects/fscurvedl/dataprepscripts/fscplots/EMD-16279.png",2.417,"2025-08-05T18:42:38.033822Z"
180,"2","Typical smooth","2025-08-05T18:42:39.981994Z",178,"/data/local-files/?d=Users/jturner/PycharmProjects/fscurvedl/dataprepscripts/fscplots/EMD-16281.png",1.701,"2025-08-05T18:42:39.982013Z"
181,"2","Typical smooth","2025-08-05T18:42:42.000538Z",179,"/data/local-files/?d=Users/jturner/PycharmProjects/fscurvedl/dataprepscripts/fscplots/EMD-16318.png",1.756,"2025-08-05T18:42:42.000559Z"
182,"2","Typical smooth","2025-08-05T18:42:43.414969Z",180,"/data/local-files/?d=Users/jturner/PycharmProjects/fscurvedl/dataprepscripts/fscplots/EMD-16319.png",1.171,"2025-08-05T18:42:43.414991Z"
183,"2","Typical smooth","2025-08-05T18:42:44.571145Z",181,"/data/local-files/?d=Users/jturner/PycharmProjects/fscurvedl/dataprepscripts/fscplots/EMD-16321.png",0.891,"2025-08-05T18:42:44.571165Z"
184,"2","Typical smooth","2025-08-05T18:42:45.798839Z",182,"/data/local-files/?d=Users/jturner/PycharmProjects/fscurvedl/dataprepscripts/fscplots/EMD-16324.png",0.991,"2025-08-05T18:42:45.798857Z"
185,"2","Typical peaks","2025-08-05T18:42:48.201527Z",183,"/data/local-files/?d=Users/jturner/PycharmProjects/fscurvedl/dataprepscripts/fscplots/EMD-16328.png",2.137,"2025-08-05T18:42:48.201542Z"
186,"2","Typical peaks","2025-08-05T18:42:49.466507Z",184,"/data/local-files/?d=Users/jturner/PycharmProjects/fscurvedl/dataprepscripts/fscplots/EMD-16332.png",1.027,"2025-08-05T18:42:49.466528Z"
187,"2","Typical smooth","2025-08-05T18:42:51.553560Z",185,"/data/local-files/?d=Users/jturner/PycharmProjects/fscurvedl/dataprepscripts/fscplots/EMD-16333.png",1.836,"2025-08-05T18:42:51.553587Z"
188,"2","Typical smooth","2025-08-05T18:42:53.065548Z",186,"/data/local-files/?d=Users/jturner/PycharmProjects/fscurvedl/dataprepscripts/fscplots/EMD-16334.png",1.167,"2025-08-05T18:42:53.065567Z"
189,"2","Typical smooth","2025-08-05T18:42:56.201449Z",187,"/data/local-files/?d=Users/jturner/PycharmProjects/fscurvedl/dataprepscripts/fscplots/EMD-16375.png",2.87,"2025-08-05T18:42:56.201464Z"
190,"2","Typical smooth","2025-08-05T18:42:58.507911Z",188,"/data/local-files/?d=Users/jturner/PycharmProjects/fscurvedl/dataprepscripts/fscplots/EMD-16384.png",2.062,"2025-08-05T18:42:58.507923Z"
191,"2","Typical smooth","2025-08-05T18:42:59.789859Z",189,"/data/local-files/?d=Users/jturner/PycharmProjects/fscurvedl/dataprepscripts/fscplots/EMD-16385.png",1.033,"2025-08-05T18:42:59.789881Z"
192,"2","Typical smooth","2025-08-05T18:43:00.863878Z",190,"/data/local-files/?d=Users/jturner/PycharmProjects/fscurvedl/dataprepscripts/fscplots/EMD-16386.png",0.812,"2025-08-05T18:43:00.863898Z"
193,"2","Typical smooth","2025-08-05T18:43:01.848736Z",191,"/data/local-files/?d=Users/jturner/PycharmProjects/fscurvedl/dataprepscripts/fscplots/EMD-16387.png",0.736,"2025-08-05T18:43:01.848758Z"
194,"2","Typical smooth","2025-08-05T18:43:03.333126Z",192,"/data/local-files/?d=Users/jturner/PycharmProjects/fscurvedl/dataprepscripts/fscplots/EMD-16397.png",1.225,"2025-08-05T18:43:03.333149Z"
195,"2","Typical smooth","2025-08-05T18:43:06.202266Z",193,"/data/local-files/?d=Users/jturner/PycharmProjects/fscurvedl/dataprepscripts/fscplots/EMD-16398.png",2.616,"2025-08-05T18:43:06.202281Z"
196,"2","Typical smooth","2025-08-05T18:43:08.049724Z",194,"/data/local-files/?d=Users/jturner/PycharmProjects/fscurvedl/dataprepscripts/fscplots/EMD-16400.png",1.593,"2025-08-05T18:43:08.049743Z"
197,"2","Typical Noisy","2025-08-05T18:43:10.633908Z",195,"/data/local-files/?d=Users/jturner/PycharmProjects/fscurvedl/dataprepscripts/fscplots/EMD-16401.png",2.301,"2025-08-05T18:43:10.633933Z"
198,"2","Typical Noisy","2025-08-05T18:43:12.099403Z",196,"/data/local-files/?d=Users/jturner/PycharmProjects/fscurvedl/dataprepscripts/fscplots/EMD-16402.png",1.21,"2025-08-05T18:43:12.099418Z"
199,"2","Typical smooth","2025-08-05T18:43:13.797597Z",197,"/data/local-files/?d=Users/jturner/PycharmProjects/fscurvedl/dataprepscripts/fscplots/EMD-16407.png",1.443,"2025-08-05T18:43:13.797609Z"
200,"2","Typical smooth","2025-08-05T18:43:14.972191Z",198,"/data/local-files/?d=Users/jturner/PycharmProjects/fscurvedl/dataprepscripts/fscplots/EMD-16408.png",0.922,"2025-08-05T18:43:14.972212Z"
201,"2","Typical smooth","2025-08-05T18:43:16.535219Z",199,"/data/local-files/?d=Users/jturner/PycharmProjects/fscurvedl/dataprepscripts/fscplots/EMD-16409.png",1.295,"2025-08-05T18:43:16.535235Z"
202,"2","Typical smooth","2025-08-05T18:43:17.749509Z",200,"/data/local-files/?d=Users/jturner/PycharmProjects/fscurvedl/dataprepscripts/fscplots/EMD-16410.png",0.975,"2025-08-05T18:43:17.749530Z"
203,"2","Typical smooth","2025-08-05T18:43:20.051936Z",201,"/data/local-files/?d=Users/jturner/PycharmProjects/fscurvedl/dataprepscripts/fscplots/EMD-16411.png",2.046,"2025-08-05T18:43:20.051950Z"
204,"2","Typical Noisy","2025-08-05T18:43:22.277846Z",202,"/data/local-files/?d=Users/jturner/PycharmProjects/fscurvedl/dataprepscripts/fscplots/EMD-16412.png",1.979,"2025-08-05T18:43:22.277867Z"
205,"2","Typical smooth","2025-08-05T18:43:23.984233Z",203,"/data/local-files/?d=Users/jturner/PycharmProjects/fscurvedl/dataprepscripts/fscplots/EMD-16413.png",1.444,"2025-08-05T18:43:23.984258Z"
206,"2","Typical smooth","2025-08-05T18:43:25.622967Z",204,"/data/local-files/?d=Users/jturner/PycharmProjects/fscurvedl/dataprepscripts/fscplots/EMD-16414.png",1.397,"2025-08-05T18:43:25.622983Z"
207,"2","Typical smooth","2025-08-05T18:43:27.651825Z",205,"/data/local-files/?d=Users/jturner/PycharmProjects/fscurvedl/dataprepscripts/fscplots/EMD-16424.png",1.765,"2025-08-05T18:43:27.651838Z"
208,"2","Typical smooth","2025-08-05T18:43:29.397238Z",206,"/data/local-files/?d=Users/jturner/PycharmProjects/fscurvedl/dataprepscripts/fscplots/EMD-16425.png",1.497,"2025-08-05T18:43:29.397250Z"
209,"2","Atypical Noisy","2025-08-05T18:43:37.876610Z",207,"/data/local-files/?d=Users/jturner/PycharmProjects/fscurvedl/dataprepscripts/fscplots/EMD-16440.png",8.193,"2025-08-05T18:43:37.876638Z"
210,"2","Typical Noisy","2025-08-05T18:43:40.301182Z",208,"/data/local-files/?d=Users/jturner/PycharmProjects/fscurvedl/dataprepscripts/fscplots/EMD-16441.png",2.069,"2025-08-05T18:43:40.301198Z"
211,"2","Typical peaks","2025-08-05T18:43:43.047357Z",209,"/data/local-files/?d=Users/jturner/PycharmProjects/fscurvedl/dataprepscripts/fscplots/EMD-16453.png",2.49,"2025-08-05T18:43:43.047375Z"
212,"2","Atypical other","2025-08-05T18:44:20.155153Z",210,"/data/local-files/?d=Users/jturner/PycharmProjects/fscurvedl/dataprepscripts/fscplots/EMD-16458.png",36.839,"2025-08-05T18:44:20.155176Z"
213,"2","Atypical incorrect","2025-08-05T18:44:24.652963Z",211,"/data/local-files/?d=Users/jturner/PycharmProjects/fscurvedl/dataprepscripts/fscplots/EMD-16466.png",4.114,"2025-08-05T18:44:24.652975Z"
214,"2","Typical peaks","2025-08-05T18:44:26.974482Z",212,"/data/local-files/?d=Users/jturner/PycharmProjects/fscurvedl/dataprepscripts/fscplots/EMD-16467.png",2.076,"2025-08-05T18:44:26.974503Z"
215,"2","Typical peaks","2025-08-05T18:44:28.620848Z",213,"/data/local-files/?d=Users/jturner/PycharmProjects/fscurvedl/dataprepscripts/fscplots/EMD-16468.png",1.299,"2025-08-05T18:44:28.620862Z"
216,"2","Typical peaks","2025-08-05T18:44:30.119859Z",214,"/data/local-files/?d=Users/jturner/PycharmProjects/fscurvedl/dataprepscripts/fscplots/EMD-16469.png",1.159,"2025-08-05T18:44:30.119886Z"
217,"2","Typical smooth","2025-08-05T18:44:33.566072Z",215,"/data/local-files/?d=Users/jturner/PycharmProjects/fscurvedl/dataprepscripts/fscplots/EMD-16473.png",3.194,"2025-08-05T18:44:33.566092Z"
218,"2","Typical smooth","2025-08-05T18:44:35.002144Z",216,"/data/local-files/?d=Users/jturner/PycharmProjects/fscurvedl/dataprepscripts/fscplots/EMD-16476.png",1.09,"2025-08-05T18:44:35.002160Z"
219,"2","Typical smooth","2025-08-05T18:44:36.269420Z",217,"/data/local-files/?d=Users/jturner/PycharmProjects/fscurvedl/dataprepscripts/fscplots/EMD-16482.png",0.993,"2025-08-05T18:44:36.269436Z"
220,"2","Typical smooth","2025-08-05T18:44:37.531661Z",218,"/data/local-files/?d=Users/jturner/PycharmProjects/fscurvedl/dataprepscripts/fscplots/EMD-16483.png",0.952,"2025-08-05T18:44:37.531676Z"
221,"2","Typical smooth","2025-08-05T18:44:39.852227Z",219,"/data/local-files/?d=Users/jturner/PycharmProjects/fscurvedl/dataprepscripts/fscplots/EMD-16485.png",2.052,"2025-08-05T18:44:39.852242Z"
222,"2","Typical smooth","2025-08-05T18:44:41.733220Z",220,"/data/local-files/?d=Users/jturner/PycharmProjects/fscurvedl/dataprepscripts/fscplots/EMD-16486.png",1.619,"2025-08-05T18:44:41.733245Z"
223,"2","Typical smooth","2025-08-05T18:44:43.040544Z",221,"/data/local-files/?d=Users/jturner/PycharmProjects/fscurvedl/dataprepscripts/fscplots/EMD-16487.png",1.043,"2025-08-05T18:44:43.040558Z"
224,"2","Typical smooth","2025-08-05T18:44:44.314851Z",222,"/data/local-files/?d=Users/jturner/PycharmProjects/fscurvedl/dataprepscripts/fscplots/EMD-16489.png",0.996,"2025-08-05T18:44:44.314861Z"
225,"2","Typical peaks","2025-08-05T18:44:46.849315Z",223,"/data/local-files/?d=Users/jturner/PycharmProjects/fscurvedl/dataprepscripts/fscplots/EMD-16510.png",2.272,"2025-08-05T18:44:46.849332Z"
226,"2","Typical smooth","2025-08-05T18:44:48.299169Z",224,"/data/local-files/?d=Users/jturner/PycharmProjects/fscurvedl/dataprepscripts/fscplots/EMD-16512.png",1.196,"2025-08-05T18:44:48.299190Z"
227,"2","Typical smooth","2025-08-05T18:44:49.970252Z",225,"/data/local-files/?d=Users/jturner/PycharmProjects/fscurvedl/dataprepscripts/fscplots/EMD-16513.png",1.419,"2025-08-05T18:44:49.970262Z"
228,"2","Typical Noisy","2025-08-05T18:44:52.716129Z",226,"/data/local-files/?d=Users/jturner/PycharmProjects/fscurvedl/dataprepscripts/fscplots/EMD-16514.png",2.506,"2025-08-05T18:44:52.716140Z"
229,"2","Typical Noisy","2025-08-05T18:44:54.334805Z",227,"/data/local-files/?d=Users/jturner/PycharmProjects/fscurvedl/dataprepscripts/fscplots/EMD-16515.png",1.364,"2025-08-05T18:44:54.334821Z"
230,"2","Typical smooth","2025-08-05T18:44:55.597344Z",228,"/data/local-files/?d=Users/jturner/PycharmProjects/fscurvedl/dataprepscripts/fscplots/EMD-16516.png",0.984,"2025-08-05T18:44:55.597365Z"
231,"2","Typical Noisy","2025-08-05T18:44:57.235008Z",229,"/data/local-files/?d=Users/jturner/PycharmProjects/fscurvedl/dataprepscripts/fscplots/EMD-16518.png",1.369,"2025-08-05T18:44:57.235030Z"
232,"2","Typical Noisy","2025-08-05T18:44:58.682559Z",230,"/data/local-files/?d=Users/jturner/PycharmProjects/fscurvedl/dataprepscripts/fscplots/EMD-16522.png",1.191,"2025-08-05T18:44:58.682582Z"
233,"2","Atypical incorrect","2025-08-05T18:45:03.999495Z",231,"/data/local-files/?d=Users/jturner/PycharmProjects/fscurvedl/dataprepscripts/fscplots/EMD-16528.png",5.055,"2025-08-05T18:45:03.999509Z"
234,"2","Typical smooth","2025-08-05T18:45:05.697742Z",232,"/data/local-files/?d=Users/jturner/PycharmProjects/fscurvedl/dataprepscripts/fscplots/EMD-16532.png",1.46,"2025-08-05T18:45:05.697755Z"
235,"2","Typical smooth","2025-08-05T18:45:09.518636Z",233,"/data/local-files/?d=Users/jturner/PycharmProjects/fscurvedl/dataprepscripts/fscplots/EMD-16534.png",3.539,"2025-08-05T18:45:09.518656Z"
236,"2","Typical peaks","2025-08-05T18:45:11.967123Z",234,"/data/local-files/?d=Users/jturner/PycharmProjects/fscurvedl/dataprepscripts/fscplots/EMD-16535.png",2.185,"2025-08-05T18:45:11.967146Z"
237,"2","Typical Noisy","2025-08-05T18:45:13.768395Z",235,"/data/local-files/?d=Users/jturner/PycharmProjects/fscurvedl/dataprepscripts/fscplots/EMD-16537.png",1.541,"2025-08-05T18:45:13.768411Z"
238,"2","Typical smooth","2025-08-05T18:45:15.316308Z",236,"/data/local-files/?d=Users/jturner/PycharmProjects/fscurvedl/dataprepscripts/fscplots/EMD-16547.png",1.274,"2025-08-05T18:45:15.316325Z"
239,"2","Typical smooth","2025-08-05T18:45:17.583495Z",237,"/data/local-files/?d=Users/jturner/PycharmProjects/fscurvedl/dataprepscripts/fscplots/EMD-16553.png",2.0,"2025-08-05T18:45:17.583516Z"
240,"2","Typical smooth","2025-08-05T18:45:21.153362Z",238,"/data/local-files/?d=Users/jturner/PycharmProjects/fscurvedl/dataprepscripts/fscplots/EMD-16554.png",3.292,"2025-08-05T18:45:21.153377Z"
241,"2","Typical smooth","2025-08-05T18:45:23.250290Z",239,"/data/local-files/?d=Users/jturner/PycharmProjects/fscurvedl/dataprepscripts/fscplots/EMD-16555.png",1.843,"2025-08-05T18:45:23.250310Z"
242,"2","Typical smooth","2025-08-05T18:45:25.934843Z",240,"/data/local-files/?d=Users/jturner/PycharmProjects/fscurvedl/dataprepscripts/fscplots/EMD-16557.png",2.422,"2025-08-05T18:45:25.934863Z"
243,"2","Typical smooth","2025-08-05T18:45:27.935385Z",241,"/data/local-files/?d=Users/jturner/PycharmProjects/fscurvedl/dataprepscripts/fscplots/EMD-16559.png",1.73,"2025-08-05T18:45:27.935428Z"
244,"2","Atypical other","2025-08-05T18:45:33.759216Z",242,"/data/local-files/?d=Users/jturner/PycharmProjects/fscurvedl/dataprepscripts/fscplots/EMD-16560.png",5.57,"2025-08-05T18:45:33.759233Z"
245,"2","Typical smooth","2025-08-05T18:45:35.896664Z",243,"/data/local-files/?d=Users/jturner/PycharmProjects/fscurvedl/dataprepscripts/fscplots/EMD-16561.png",1.908,"2025-08-05T18:45:35.896684Z"
246,"2","Typical smooth","2025-08-05T18:45:37.103136Z",244,"/data/local-files/?d=Users/jturner/PycharmProjects/fscurvedl/dataprepscripts/fscplots/EMD-16562.png",0.937,"2025-08-05T18:45:37.103151Z"
247,"2","Typical smooth","2025-08-05T18:45:38.759677Z",245,"/data/local-files/?d=Users/jturner/PycharmProjects/fscurvedl/dataprepscripts/fscplots/EMD-16564.png",1.382,"2025-08-05T18:45:38.759697Z"
248,"2","Typical smooth","2025-08-05T18:45:40.653287Z",246,"/data/local-files/?d=Users/jturner/PycharmProjects/fscurvedl/dataprepscripts/fscplots/EMD-16566.png",1.51,"2025-08-05T18:45:40.653301Z"
249,"2","Typical smooth","2025-08-05T18:45:42.097938Z",247,"/data/local-files/?d=Users/jturner/PycharmProjects/fscurvedl/dataprepscripts/fscplots/EMD-16590.png",1.183,"2025-08-05T18:45:42.097959Z"
250,"2","Typical smooth","2025-08-05T18:45:44.700741Z",248,"/data/local-files/?d=Users/jturner/PycharmProjects/fscurvedl/dataprepscripts/fscplots/EMD-16595.png",2.337,"2025-08-05T18:45:44.700762Z"
251,"2","Typical smooth","2025-08-05T18:45:46.271014Z",249,"/data/local-files/?d=Users/jturner/PycharmProjects/fscurvedl/dataprepscripts/fscplots/EMD-16598.png",1.298,"2025-08-05T18:45:46.271031Z"
252,"2","Typical Noisy","2025-08-05T18:45:48.829865Z",250,"/data/local-files/?d=Users/jturner/PycharmProjects/fscurvedl/dataprepscripts/fscplots/EMD-16605.png",2.261,"2025-08-05T18:45:48.829892Z"
253,"2","Typical Noisy","2025-08-05T18:45:50.000106Z",251,"/data/local-files/?d=Users/jturner/PycharmProjects/fscurvedl/dataprepscripts/fscplots/EMD-16606.png",0.916,"2025-08-05T18:45:50.000127Z"
254,"2","Typical Noisy","2025-08-05T18:45:51.178418Z",252,"/data/local-files/?d=Users/jturner/PycharmProjects/fscurvedl/dataprepscripts/fscplots/EMD-16607.png",0.91,"2025-08-05T18:45:51.178439Z"
255,"2","Atypical incorrect","2025-08-05T18:45:55.414628Z",253,"/data/local-files/?d=Users/jturner/PycharmProjects/fscurvedl/dataprepscripts/fscplots/EMD-16618.png",3.976,"2025-08-05T18:45:55.414649Z"
256,"2","Typical smooth","2025-08-05T18:45:56.904158Z",254,"/data/local-files/?d=Users/jturner/PycharmProjects/fscurvedl/dataprepscripts/fscplots/EMD-16626.png",1.218,"2025-08-05T18:45:56.904170Z"
257,"2","Typical smooth","2025-08-05T18:45:57.989415Z",255,"/data/local-files/?d=Users/jturner/PycharmProjects/fscurvedl/dataprepscripts/fscplots/EMD-16627.png",0.814,"2025-08-05T18:45:57.989436Z"
258,"2","Typical smooth","2025-08-05T18:45:59.097016Z",256,"/data/local-files/?d=Users/jturner/PycharmProjects/fscurvedl/dataprepscripts/fscplots/EMD-16629.png",0.824,"2025-08-05T18:45:59.097029Z"
259,"2","Typical smooth","2025-08-05T18:46:00.236242Z",257,"/data/local-files/?d=Users/jturner/PycharmProjects/fscurvedl/dataprepscripts/fscplots/EMD-16630.png",0.865,"2025-08-05T18:46:00.236258Z"
260,"2","Typical smooth","2025-08-05T18:46:01.601958Z",258,"/data/local-files/?d=Users/jturner/PycharmProjects/fscurvedl/dataprepscripts/fscplots/EMD-16631.png",1.078,"2025-08-05T18:46:01.601971Z"
261,"2","Typical smooth","2025-08-05T18:46:06.710086Z",259,"/data/local-files/?d=Users/jturner/PycharmProjects/fscurvedl/dataprepscripts/fscplots/EMD-16632.png",4.863,"2025-08-05T18:46:06.710100Z"
262,"2","Typical smooth","2025-08-05T18:46:09.465327Z",260,"/data/local-files/?d=Users/jturner/PycharmProjects/fscurvedl/dataprepscripts/fscplots/EMD-16635.png",2.471,"2025-08-05T18:46:09.465344Z"
263,"2","Typical smooth","2025-08-05T18:46:13.403098Z",261,"/data/local-files/?d=Users/jturner/PycharmProjects/fscurvedl/dataprepscripts/fscplots/EMD-16636.png",3.667,"2025-08-05T18:46:13.403112Z"
264,"2","Typical smooth","2025-08-05T18:46:14.843490Z",262,"/data/local-files/?d=Users/jturner/PycharmProjects/fscurvedl/dataprepscripts/fscplots/EMD-16637.png",1.161,"2025-08-05T18:46:14.843508Z"
265,"2","Typical smooth","2025-08-05T18:46:21.236010Z",263,"/data/local-files/?d=Users/jturner/PycharmProjects/fscurvedl/dataprepscripts/fscplots/EMD-16638.png",6.091,"2025-08-05T18:46:21.236025Z"
266,"2","Typical smooth","2025-08-05T18:46:22.799326Z",264,"/data/local-files/?d=Users/jturner/PycharmProjects/fscurvedl/dataprepscripts/fscplots/EMD-16639.png",1.298,"2025-08-05T18:46:22.799339Z"
267,"2","Typical Noisy","2025-08-05T18:46:29.954069Z",265,"/data/local-files/?d=Users/jturner/PycharmProjects/fscurvedl/dataprepscripts/fscplots/EMD-16640.png",6.867,"2025-08-05T18:46:29.954092Z"
268,"2","Typical Noisy","2025-08-05T18:46:31.403194Z",266,"/data/local-files/?d=Users/jturner/PycharmProjects/fscurvedl/dataprepscripts/fscplots/EMD-16647.png",1.174,"2025-08-05T18:46:31.403206Z"
269,"2","Typical Noisy","2025-08-05T18:46:32.804738Z",267,"/data/local-files/?d=Users/jturner/PycharmProjects/fscurvedl/dataprepscripts/fscplots/EMD-16657.png",1.129,"2025-08-05T18:46:32.804754Z"
270,"2","Typical peaks","2025-08-05T18:46:35.167795Z",268,"/data/local-files/?d=Users/jturner/PycharmProjects/fscurvedl/dataprepscripts/fscplots/EMD-16659.png",2.089,"2025-08-05T18:46:35.167816Z"
271,"2","Typical smooth","2025-08-05T18:46:37.031788Z",269,"/data/local-files/?d=Users/jturner/PycharmProjects/fscurvedl/dataprepscripts/fscplots/EMD-16660.png",1.574,"2025-08-05T18:46:37.031813Z"
272,"2","Typical peaks","2025-08-05T18:46:38.787387Z",270,"/data/local-files/?d=Users/jturner/PycharmProjects/fscurvedl/dataprepscripts/fscplots/EMD-16661.png",1.48,"2025-08-05T18:46:38.787402Z"
273,"2","Typical peaks","2025-08-05T18:46:40.704275Z",271,"/data/local-files/?d=Users/jturner/PycharmProjects/fscurvedl/dataprepscripts/fscplots/EMD-16662.png",1.645,"2025-08-05T18:46:40.704289Z"
274,"2","Typical smooth","2025-08-05T18:46:42.555518Z",272,"/data/local-files/?d=Users/jturner/PycharmProjects/fscurvedl/dataprepscripts/fscplots/EMD-16663.png",1.523,"2025-08-05T18:46:42.555531Z"
275,"2","Typical smooth","2025-08-05T18:46:43.995064Z",273,"/data/local-files/?d=Users/jturner/PycharmProjects/fscurvedl/dataprepscripts/fscplots/EMD-16665.png",1.127,"2025-08-05T18:46:43.995087Z"
276,"2","Typical smooth","2025-08-05T18:46:45.171289Z",274,"/data/local-files/?d=Users/jturner/PycharmProjects/fscurvedl/dataprepscripts/fscplots/EMD-16666.png",0.92,"2025-08-05T18:46:45.171305Z"
277,"2","Typical peaks","2025-08-05T18:46:47.016365Z",275,"/data/local-files/?d=Users/jturner/PycharmProjects/fscurvedl/dataprepscripts/fscplots/EMD-16667.png",1.565,"2025-08-05T18:46:47.016388Z"
278,"2","Typical peaks","2025-08-05T18:46:48.270524Z",276,"/data/local-files/?d=Users/jturner/PycharmProjects/fscurvedl/dataprepscripts/fscplots/EMD-16668.png",0.976,"2025-08-05T18:46:48.270540Z"
279,"2","Typical smooth","2025-08-05T18:46:49.568773Z",277,"/data/local-files/?d=Users/jturner/PycharmProjects/fscurvedl/dataprepscripts/fscplots/EMD-16669.png",1.016,"2025-08-05T18:46:49.568794Z"
280,"2","Typical smooth","2025-08-05T18:46:51.188038Z",278,"/data/local-files/?d=Users/jturner/PycharmProjects/fscurvedl/dataprepscripts/fscplots/EMD-16671.png",1.337,"2025-08-05T18:46:51.188053Z"
281,"2","Atypical Noisy","2025-08-05T18:46:56.652690Z",279,"/data/local-files/?d=Users/jturner/PycharmProjects/fscurvedl/dataprepscripts/fscplots/EMD-16672.png",5.193,"2025-08-05T18:46:56.652714Z"
282,"2","Typical peaks","2025-08-05T18:46:59.521397Z",280,"/data/local-files/?d=Users/jturner/PycharmProjects/fscurvedl/dataprepscripts/fscplots/EMD-16673.png",2.589,"2025-08-05T18:46:59.521408Z"
283,"2","Typical smooth","2025-08-05T18:47:01.473698Z",281,"/data/local-files/?d=Users/jturner/PycharmProjects/fscurvedl/dataprepscripts/fscplots/EMD-16674.png",1.529,"2025-08-05T18:47:01.473720Z"
284,"2","Typical smooth","2025-08-05T18:47:02.834704Z",282,"/data/local-files/?d=Users/jturner/PycharmProjects/fscurvedl/dataprepscripts/fscplots/EMD-16675.png",1.085,"2025-08-05T18:47:02.834726Z"
285,"2","Typical smooth","2025-08-05T18:47:05.104912Z",283,"/data/local-files/?d=Users/jturner/PycharmProjects/fscurvedl/dataprepscripts/fscplots/EMD-16676.png",1.984,"2025-08-05T18:47:05.104926Z"
286,"2","Typical smooth","2025-08-05T18:47:06.335062Z",284,"/data/local-files/?d=Users/jturner/PycharmProjects/fscurvedl/dataprepscripts/fscplots/EMD-16680.png",0.975,"2025-08-05T18:47:06.335070Z"
287,"2","Typical peaks","2025-08-05T18:47:09.207068Z",285,"/data/local-files/?d=Users/jturner/PycharmProjects/fscurvedl/dataprepscripts/fscplots/EMD-16690.png",2.547,"2025-08-05T18:47:09.207087Z"
288,"2","Typical smooth","2025-08-05T18:47:10.608615Z",286,"/data/local-files/?d=Users/jturner/PycharmProjects/fscurvedl/dataprepscripts/fscplots/EMD-16691.png",1.12,"2025-08-05T18:47:10.608634Z"
289,"2","Typical smooth","2025-08-05T18:47:12.515704Z",287,"/data/local-files/?d=Users/jturner/PycharmProjects/fscurvedl/dataprepscripts/fscplots/EMD-16692.png",1.627,"2025-08-05T18:47:12.515718Z"
290,"2","Atypical other","2025-08-05T18:47:17.947846Z",288,"/data/local-files/?d=Users/jturner/PycharmProjects/fscurvedl/dataprepscripts/fscplots/EMD-16696.png",5.159,"2025-08-05T18:47:17.947867Z"
291,"2","Typical smooth","2025-08-05T18:47:21.750747Z",289,"/data/local-files/?d=Users/jturner/PycharmProjects/fscurvedl/dataprepscripts/fscplots/EMD-16718.png",3.505,"2025-08-05T18:47:21.750768Z"
292,"2","Atypical incorrect","2025-08-05T18:47:25.337495Z",290,"/data/local-files/?d=Users/jturner/PycharmProjects/fscurvedl/dataprepscripts/fscplots/EMD-16723.png",3.326,"2025-08-05T18:47:25.337508Z"
293,"2","Atypical incorrect","2025-08-05T18:47:30.236789Z",291,"/data/local-files/?d=Users/jturner/PycharmProjects/fscurvedl/dataprepscripts/fscplots/EMD-16724.png",4.604,"2025-08-05T18:47:30.236808Z"
294,"2","Atypical Noisy","2025-08-05T18:47:34.865929Z",292,"/data/local-files/?d=Users/jturner/PycharmProjects/fscurvedl/dataprepscripts/fscplots/EMD-16731.png",4.355,"2025-08-05T18:47:34.865950Z"
295,"2","Typical smooth","2025-08-05T18:47:36.773262Z",293,"/data/local-files/?d=Users/jturner/PycharmProjects/fscurvedl/dataprepscripts/fscplots/EMD-16732.png",1.623,"2025-08-05T18:47:36.773283Z"
296,"2","Typical peaks","2025-08-05T18:48:08.872480Z",294,"/data/local-files/?d=Users/jturner/PycharmProjects/fscurvedl/dataprepscripts/fscplots/EMD-16745.png",31.806,"2025-08-05T18:48:08.872494Z"
297,"2","Typical smooth","2025-08-05T18:48:10.490026Z",295,"/data/local-files/?d=Users/jturner/PycharmProjects/fscurvedl/dataprepscripts/fscplots/EMD-16746.png",1.165,"2025-08-05T18:48:10.490037Z"
298,"2","Typical smooth","2025-08-05T18:48:11.716635Z",296,"/data/local-files/?d=Users/jturner/PycharmProjects/fscurvedl/dataprepscripts/fscplots/EMD-16759.png",0.954,"2025-08-05T18:48:11.716654Z"
299,"2","Typical smooth","2025-08-05T18:48:13.188847Z",297,"/data/local-files/?d=Users/jturner/PycharmProjects/fscurvedl/dataprepscripts/fscplots/EMD-16770.png",1.174,"2025-08-05T18:48:13.188881Z"
300,"2","Typical Noisy","2025-08-05T18:48:15.022548Z",298,"/data/local-files/?d=Users/jturner/PycharmProjects/fscurvedl/dataprepscripts/fscplots/EMD-16776.png",1.55,"2025-08-05T18:48:15.022563Z"
301,"2","Typical smooth","2025-08-05T18:48:16.289909Z",299,"/data/local-files/?d=Users/jturner/PycharmProjects/fscurvedl/dataprepscripts/fscplots/EMD-16778.png",0.995,"2025-08-05T18:48:16.289932Z"
302,"2","Typical smooth","2025-08-05T18:48:17.485990Z",300,"/data/local-files/?d=Users/jturner/PycharmProjects/fscurvedl/dataprepscripts/fscplots/EMD-16779.png",0.912,"2025-08-05T18:48:17.486003Z"
303,"2","Typical smooth","2025-08-05T18:48:18.671349Z",301,"/data/local-files/?d=Users/jturner/PycharmProjects/fscurvedl/dataprepscripts/fscplots/EMD-16781.png",0.888,"2025-08-05T18:48:18.671364Z"
304,"2","Typical smooth","2025-08-05T18:48:19.932196Z",302,"/data/local-files/?d=Users/jturner/PycharmProjects/fscurvedl/dataprepscripts/fscplots/EMD-16791.png",0.976,"2025-08-05T18:48:19.932219Z"
305,"2","Typical smooth","2025-08-05T18:48:21.682796Z",303,"/data/local-files/?d=Users/jturner/PycharmProjects/fscurvedl/dataprepscripts/fscplots/EMD-16792.png",1.473,"2025-08-05T18:48:21.682820Z"
306,"2","Typical smooth","2025-08-05T18:48:22.785870Z",304,"/data/local-files/?d=Users/jturner/PycharmProjects/fscurvedl/dataprepscripts/fscplots/EMD-16793.png",0.82,"2025-08-05T18:48:22.785885Z"
307,"2","Typical peaks","2025-08-05T18:48:24.472895Z",305,"/data/local-files/?d=Users/jturner/PycharmProjects/fscurvedl/dataprepscripts/fscplots/EMD-16794.png",1.406,"2025-08-05T18:48:24.472907Z"
308,"2","Typical smooth","2025-08-05T18:48:25.624732Z",306,"/data/local-files/?d=Users/jturner/PycharmProjects/fscurvedl/dataprepscripts/fscplots/EMD-16795.png",0.867,"2025-08-05T18:48:25.624747Z"
309,"2","Typical smooth","2025-08-05T18:48:27.205832Z",307,"/data/local-files/?d=Users/jturner/PycharmProjects/fscurvedl/dataprepscripts/fscplots/EMD-16796.png",1.309,"2025-08-05T18:48:27.205855Z"
310,"2","Typical peaks","2025-08-05T18:48:28.631314Z",308,"/data/local-files/?d=Users/jturner/PycharmProjects/fscurvedl/dataprepscripts/fscplots/EMD-16801.png",1.129,"2025-08-05T18:48:28.631332Z"
311,"2","Typical Noisy","2025-08-05T18:48:32.219342Z",309,"/data/local-files/?d=Users/jturner/PycharmProjects/fscurvedl/dataprepscripts/fscplots/EMD-16802.png",3.307,"2025-08-05T18:48:32.219365Z"
312,"2","Typical smooth","2025-08-05T18:48:33.420300Z",310,"/data/local-files/?d=Users/jturner/PycharmProjects/fscurvedl/dataprepscripts/fscplots/EMD-16805.png",0.918,"2025-08-05T18:48:33.420315Z"
313,"2","Typical smooth","2025-08-05T18:48:34.748616Z",311,"/data/local-files/?d=Users/jturner/PycharmProjects/fscurvedl/dataprepscripts/fscplots/EMD-16807.png",1.028,"2025-08-05T18:48:34.748637Z"
314,"2","Typical smooth","2025-08-05T18:48:35.849664Z",312,"/data/local-files/?d=Users/jturner/PycharmProjects/fscurvedl/dataprepscripts/fscplots/EMD-16808.png",0.829,"2025-08-05T18:48:35.849679Z"
315,"2","Typical smooth","2025-08-05T18:48:37.437451Z",313,"/data/local-files/?d=Users/jturner/PycharmProjects/fscurvedl/dataprepscripts/fscplots/EMD-16809.png",1.296,"2025-08-05T18:48:37.437468Z"
316,"2","Typical smooth","2025-08-05T18:48:38.751421Z",314,"/data/local-files/?d=Users/jturner/PycharmProjects/fscurvedl/dataprepscripts/fscplots/EMD-16816.png",1.032,"2025-08-05T18:48:38.751442Z"
317,"2","Typical smooth","2025-08-05T18:48:40.054402Z",315,"/data/local-files/?d=Users/jturner/PycharmProjects/fscurvedl/dataprepscripts/fscplots/EMD-16817.png",1.012,"2025-08-05T18:48:40.054416Z"
318,"2","Typical Noisy","2025-08-05T18:48:43.398624Z",316,"/data/local-files/?d=Users/jturner/PycharmProjects/fscurvedl/dataprepscripts/fscplots/EMD-16819.png",3.059,"2025-08-05T18:48:43.398648Z"
319,"2","Typical peaks","2025-08-05T18:48:45.255712Z",317,"/data/local-files/?d=Users/jturner/PycharmProjects/fscurvedl/dataprepscripts/fscplots/EMD-16820.png",1.486,"2025-08-05T18:48:45.255726Z"
320,"2","Typical smooth","2025-08-05T18:48:46.930063Z",318,"/data/local-files/?d=Users/jturner/PycharmProjects/fscurvedl/dataprepscripts/fscplots/EMD-16821.png",1.393,"2025-08-05T18:48:46.930084Z"
321,"2","Typical smooth","2025-08-05T18:48:48.455401Z",319,"/data/local-files/?d=Users/jturner/PycharmProjects/fscurvedl/dataprepscripts/fscplots/EMD-16822.png",1.238,"2025-08-05T18:48:48.455415Z"
322,"2","Typical smooth","2025-08-05T18:48:49.751803Z",320,"/data/local-files/?d=Users/jturner/PycharmProjects/fscurvedl/dataprepscripts/fscplots/EMD-16823.png",1.011,"2025-08-05T18:48:49.751819Z"
323,"2","Typical peaks","2025-08-05T18:48:51.986950Z",321,"/data/local-files/?d=Users/jturner/PycharmProjects/fscurvedl/dataprepscripts/fscplots/EMD-16824.png",1.933,"2025-08-05T18:48:51.986964Z"
324,"2","Typical Noisy","2025-08-05T18:48:56.592544Z",322,"/data/local-files/?d=Users/jturner/PycharmProjects/fscurvedl/dataprepscripts/fscplots/EMD-16825.png",4.324,"2025-08-05T18:48:56.592557Z"
325,"2","Typical smooth","2025-08-05T18:48:58.105474Z",323,"/data/local-files/?d=Users/jturner/PycharmProjects/fscurvedl/dataprepscripts/fscplots/EMD-16828.png",1.213,"2025-08-05T18:48:58.105491Z"
326,"2","Typical peaks","2025-08-05T18:49:00.150915Z",324,"/data/local-files/?d=Users/jturner/PycharmProjects/fscurvedl/dataprepscripts/fscplots/EMD-16829.png",1.757,"2025-08-05T18:49:00.150932Z"
327,"2","Typical peaks","2025-08-05T18:49:01.335085Z",325,"/data/local-files/?d=Users/jturner/PycharmProjects/fscurvedl/dataprepscripts/fscplots/EMD-16830.png",0.877,"2025-08-05T18:49:01.335111Z"
328,"2","Typical smooth","2025-08-05T18:49:02.904000Z",326,"/data/local-files/?d=Users/jturner/PycharmProjects/fscurvedl/dataprepscripts/fscplots/EMD-16831.png",1.281,"2025-08-05T18:49:02.904016Z"
329,"2","Typical peaks","2025-08-05T18:49:04.238988Z",327,"/data/local-files/?d=Users/jturner/PycharmProjects/fscurvedl/dataprepscripts/fscplots/EMD-16832.png",1.026,"2025-08-05T18:49:04.239002Z"
330,"2","Typical smooth","2025-08-05T18:49:06.177090Z",328,"/data/local-files/?d=Users/jturner/PycharmProjects/fscurvedl/dataprepscripts/fscplots/EMD-16833.png",1.659,"2025-08-05T18:49:06.177100Z"
331,"2","Typical Noisy","2025-08-05T18:49:08.503365Z",329,"/data/local-files/?d=Users/jturner/PycharmProjects/fscurvedl/dataprepscripts/fscplots/EMD-16834.png",2.04,"2025-08-05T18:49:08.503387Z"
332,"2","Typical smooth","2025-08-05T18:49:12.033962Z",330,"/data/local-files/?d=Users/jturner/PycharmProjects/fscurvedl/dataprepscripts/fscplots/EMD-16836.png",3.24,"2025-08-05T18:49:12.033985Z"
333,"2","Typical smooth","2025-08-05T18:49:13.472968Z",331,"/data/local-files/?d=Users/jturner/PycharmProjects/fscurvedl/dataprepscripts/fscplots/EMD-16839.png",1.132,"2025-08-05T18:49:13.472982Z"
334,"2","Typical smooth","2025-08-05T18:49:14.953787Z",332,"/data/local-files/?d=Users/jturner/PycharmProjects/fscurvedl/dataprepscripts/fscplots/EMD-16840.png",1.19,"2025-08-05T18:49:14.953801Z"
335,"2","Atypical incorrect","2025-08-05T18:49:20.248751Z",333,"/data/local-files/?d=Users/jturner/PycharmProjects/fscurvedl/dataprepscripts/fscplots/EMD-16844.png",4.992,"2025-08-05T18:49:20.248775Z"
336,"2","Atypical incorrect","2025-08-05T18:49:23.754862Z",334,"/data/local-files/?d=Users/jturner/PycharmProjects/fscurvedl/dataprepscripts/fscplots/EMD-16846.png",3.23,"2025-08-05T18:49:23.754885Z"
337,"2","Atypical incorrect","2025-08-05T18:49:24.970103Z",335,"/data/local-files/?d=Users/jturner/PycharmProjects/fscurvedl/dataprepscripts/fscplots/EMD-16848.png",0.903,"2025-08-05T18:49:24.970117Z"
338,"2","Atypical incorrect","2025-08-05T18:49:27.769418Z",336,"/data/local-files/?d=Users/jturner/PycharmProjects/fscurvedl/dataprepscripts/fscplots/EMD-16849.png",2.51,"2025-08-05T18:49:27.769438Z"
339,"2","Atypical incorrect","2025-08-05T18:49:29.006345Z",337,"/data/local-files/?d=Users/jturner/PycharmProjects/fscurvedl/dataprepscripts/fscplots/EMD-16850.png",0.939,"2025-08-05T18:49:29.006360Z"
340,"2","Atypical incorrect","2025-08-05T18:49:30.225467Z",338,"/data/local-files/?d=Users/jturner/PycharmProjects/fscurvedl/dataprepscripts/fscplots/EMD-16851.png",0.921,"2025-08-05T18:49:30.225486Z"
341,"2","Atypical incorrect","2025-08-05T18:49:31.422727Z",339,"/data/local-files/?d=Users/jturner/PycharmProjects/fscurvedl/dataprepscripts/fscplots/EMD-16852.png",0.889,"2025-08-05T18:49:31.422741Z"
342,"2","Atypical incorrect","2025-08-05T18:49:32.498818Z",340,"/data/local-files/?d=Users/jturner/PycharmProjects/fscurvedl/dataprepscripts/fscplots/EMD-16853.png",0.783,"2025-08-05T18:49:32.498832Z"
343,"2","Atypical incorrect","2025-08-05T18:49:33.606366Z",341,"/data/local-files/?d=Users/jturner/PycharmProjects/fscurvedl/dataprepscripts/fscplots/EMD-16854.png",0.812,"2025-08-05T18:49:33.606381Z"
344,"2","Atypical incorrect","2025-08-05T18:49:34.897264Z",342,"/data/local-files/?d=Users/jturner/PycharmProjects/fscurvedl/dataprepscripts/fscplots/EMD-16855.png",1.0,"2025-08-05T18:49:34.897284Z"
345,"2","Typical Noisy","2025-08-05T18:49:39.157663Z",343,"/data/local-files/?d=Users/jturner/PycharmProjects/fscurvedl/dataprepscripts/fscplots/EMD-16856.png",3.958,"2025-08-05T18:49:39.157685Z"
346,"2","Typical peaks","2025-08-05T18:49:57.653967Z",344,"/data/local-files/?d=Users/jturner/PycharmProjects/fscurvedl/dataprepscripts/fscplots/EMD-16860.png",18.204,"2025-08-05T18:49:57.653979Z"
347,"2","Typical smooth","2025-08-05T18:49:59.987492Z",345,"/data/local-files/?d=Users/jturner/PycharmProjects/fscurvedl/dataprepscripts/fscplots/EMD-16862.png",1.96,"2025-08-05T18:49:59.987509Z"
348,"2","Typical peaks","2025-08-05T18:50:02.837729Z",346,"/data/local-files/?d=Users/jturner/PycharmProjects/fscurvedl/dataprepscripts/fscplots/EMD-16863.png",2.554,"2025-08-05T18:50:02.837751Z"
349,"2","Typical smooth","2025-08-05T18:50:04.173795Z",347,"/data/local-files/?d=Users/jturner/PycharmProjects/fscurvedl/dataprepscripts/fscplots/EMD-16864.png",1.038,"2025-08-05T18:50:04.173809Z"
350,"2","Typical smooth","2025-08-05T18:50:05.702275Z",348,"/data/local-files/?d=Users/jturner/PycharmProjects/fscurvedl/dataprepscripts/fscplots/EMD-16868.png",1.211,"2025-08-05T18:50:05.702300Z"
351,"2","Atypical incorrect","2025-08-05T18:50:09.787758Z",349,"/data/local-files/?d=Users/jturner/PycharmProjects/fscurvedl/dataprepscripts/fscplots/EMD-16869.png",3.786,"2025-08-05T18:50:09.787780Z"
352,"2","Atypical incorrect","2025-08-05T18:50:10.804863Z",350,"/data/local-files/?d=Users/jturner/PycharmProjects/fscurvedl/dataprepscripts/fscplots/EMD-16870.png",0.714,"2025-08-05T18:50:10.804880Z"
353,"2","Typical smooth","2025-08-05T18:50:12.990056Z",351,"/data/local-files/?d=Users/jturner/PycharmProjects/fscurvedl/dataprepscripts/fscplots/EMD-16874.png",1.857,"2025-08-05T18:50:12.990077Z"
354,"2","Typical Noisy","2025-08-05T18:50:15.091465Z",352,"/data/local-files/?d=Users/jturner/PycharmProjects/fscurvedl/dataprepscripts/fscplots/EMD-16876.png",1.846,"2025-08-05T18:50:15.091474Z"
355,"2","Typical smooth","2025-08-05T18:50:16.346362Z",353,"/data/local-files/?d=Users/jturner/PycharmProjects/fscurvedl/dataprepscripts/fscplots/EMD-16880.png",1.004,"2025-08-05T18:50:16.346372Z"
356,"2","Typical peaks","2025-08-05T18:50:18.541942Z",354,"/data/local-files/?d=Users/jturner/PycharmProjects/fscurvedl/dataprepscripts/fscplots/EMD-16881.png",1.923,"2025-08-05T18:50:18.541954Z"
357,"2","Typical Noisy","2025-08-05T18:50:20.741181Z",355,"/data/local-files/?d=Users/jturner/PycharmProjects/fscurvedl/dataprepscripts/fscplots/EMD-16883.png",1.944,"2025-08-05T18:50:20.741190Z"
358,"2","Typical peaks","2025-08-05T18:50:22.162409Z",356,"/data/local-files/?d=Users/jturner/PycharmProjects/fscurvedl/dataprepscripts/fscplots/EMD-16886.png",1.165,"2025-08-05T18:50:22.162420Z"
359,"2","Typical smooth","2025-08-05T18:50:24.591839Z",357,"/data/local-files/?d=Users/jturner/PycharmProjects/fscurvedl/dataprepscripts/fscplots/EMD-16891.png",2.153,"2025-08-05T18:50:24.591860Z"
360,"2","Typical smooth","2025-08-05T18:50:25.978578Z",358,"/data/local-files/?d=Users/jturner/PycharmProjects/fscurvedl/dataprepscripts/fscplots/EMD-16892.png",1.099,"2025-08-05T18:50:25.978591Z"
361,"2","Typical Noisy","2025-08-05T18:50:28.135445Z",359,"/data/local-files/?d=Users/jturner/PycharmProjects/fscurvedl/dataprepscripts/fscplots/EMD-16893.png",1.75,"2025-08-05T18:50:28.135472Z"
362,"2","Typical peaks","2025-08-05T18:50:29.704657Z",360,"/data/local-files/?d=Users/jturner/PycharmProjects/fscurvedl/dataprepscripts/fscplots/EMD-16901.png",1.262,"2025-08-05T18:50:29.704673Z"
363,"2","Typical smooth","2025-08-05T18:50:30.971867Z",361,"/data/local-files/?d=Users/jturner/PycharmProjects/fscurvedl/dataprepscripts/fscplots/EMD-16902.png",0.968,"2025-08-05T18:50:30.971896Z"
364,"2","Typical smooth","2025-08-05T18:50:32.183300Z",362,"/data/local-files/?d=Users/jturner/PycharmProjects/fscurvedl/dataprepscripts/fscplots/EMD-16903.png",0.906,"2025-08-05T18:50:32.183319Z"
365,"2","Typical smooth","2025-08-05T18:50:33.486582Z",363,"/data/local-files/?d=Users/jturner/PycharmProjects/fscurvedl/dataprepscripts/fscplots/EMD-16904.png",1.009,"2025-08-05T18:50:33.486593Z"
366,"2","Typical smooth","2025-08-05T18:50:34.683046Z",364,"/data/local-files/?d=Users/jturner/PycharmProjects/fscurvedl/dataprepscripts/fscplots/EMD-16905.png",0.88,"2025-08-05T18:50:34.683070Z"
367,"2","Typical smooth","2025-08-05T18:50:35.837153Z",365,"/data/local-files/?d=Users/jturner/PycharmProjects/fscurvedl/dataprepscripts/fscplots/EMD-16908.png",0.847,"2025-08-05T18:50:35.837189Z"
368,"2","Typical smooth","2025-08-05T18:50:37.100849Z",366,"/data/local-files/?d=Users/jturner/PycharmProjects/fscurvedl/dataprepscripts/fscplots/EMD-16910.png",0.969,"2025-08-05T18:50:37.100866Z"
369,"2","Typical peaks","2025-08-05T18:50:39.632240Z",367,"/data/local-files/?d=Users/jturner/PycharmProjects/fscurvedl/dataprepscripts/fscplots/EMD-16911.png",2.232,"2025-08-05T18:50:39.632261Z"
370,"2","Typical peaks","2025-08-05T18:50:41.504366Z",368,"/data/local-files/?d=Users/jturner/PycharmProjects/fscurvedl/dataprepscripts/fscplots/EMD-16912.png",1.571,"2025-08-05T18:50:41.504388Z"
371,"2","Typical smooth","2025-08-05T18:50:43.120774Z",369,"/data/local-files/?d=Users/jturner/PycharmProjects/fscurvedl/dataprepscripts/fscplots/EMD-16913.png",1.308,"2025-08-05T18:50:43.120788Z"
372,"2","Typical smooth","2025-08-05T18:50:45.311801Z",370,"/data/local-files/?d=Users/jturner/PycharmProjects/fscurvedl/dataprepscripts/fscplots/EMD-16915.png",1.897,"2025-08-05T18:50:45.311814Z"
373,"2","Typical smooth","2025-08-05T18:50:47.043846Z",371,"/data/local-files/?d=Users/jturner/PycharmProjects/fscurvedl/dataprepscripts/fscplots/EMD-16916.png",1.431,"2025-08-05T18:50:47.043860Z"
374,"2","Typical smooth","2025-08-05T18:50:48.969730Z",372,"/data/local-files/?d=Users/jturner/PycharmProjects/fscurvedl/dataprepscripts/fscplots/EMD-16917.png",1.627,"2025-08-05T18:50:48.969744Z"
375,"2","Typical smooth","2025-08-05T18:50:50.575126Z",373,"/data/local-files/?d=Users/jturner/PycharmProjects/fscurvedl/dataprepscripts/fscplots/EMD-16918.png",1.305,"2025-08-05T18:50:50.575148Z"
376,"2","Typical smooth","2025-08-05T18:50:52.181315Z",374,"/data/local-files/?d=Users/jturner/PycharmProjects/fscurvedl/dataprepscripts/fscplots/EMD-16919.png",1.305,"2025-08-05T18:50:52.181336Z"
377,"2","Typical smooth","2025-08-05T18:50:53.508969Z",375,"/data/local-files/?d=Users/jturner/PycharmProjects/fscurvedl/dataprepscripts/fscplots/EMD-16920.png",1.025,"2025-08-05T18:50:53.508990Z"
378,"2","Typical smooth","2025-08-05T18:50:54.733697Z",376,"/data/local-files/?d=Users/jturner/PycharmProjects/fscurvedl/dataprepscripts/fscplots/EMD-16921.png",0.926,"2025-08-05T18:50:54.733716Z"
379,"2","Typical smooth","2025-08-05T18:50:55.891699Z",377,"/data/local-files/?d=Users/jturner/PycharmProjects/fscurvedl/dataprepscripts/fscplots/EMD-16923.png",0.857,"2025-08-05T18:50:55.891721Z"
380,"2","Typical smooth","2025-08-05T18:50:57.306891Z",378,"/data/local-files/?d=Users/jturner/PycharmProjects/fscurvedl/dataprepscripts/fscplots/EMD-16924.png",1.109,"2025-08-05T18:50:57.306907Z"
381,"2","Typical peaks","2025-08-05T18:50:59.200569Z",379,"/data/local-files/?d=Users/jturner/PycharmProjects/fscurvedl/dataprepscripts/fscplots/EMD-16925.png",1.591,"2025-08-05T18:50:59.200591Z"
382,"2","Typical peaks","2025-08-05T18:51:00.451394Z",380,"/data/local-files/?d=Users/jturner/PycharmProjects/fscurvedl/dataprepscripts/fscplots/EMD-16926.png",0.949,"2025-08-05T18:51:00.451414Z"
383,"2","Typical smooth","2025-08-05T18:51:01.823091Z",381,"/data/local-files/?d=Users/jturner/PycharmProjects/fscurvedl/dataprepscripts/fscplots/EMD-16927.png",1.068,"2025-08-05T18:51:01.823108Z"
384,"2","Typical smooth","2025-08-05T18:51:03.704913Z",382,"/data/local-files/?d=Users/jturner/PycharmProjects/fscurvedl/dataprepscripts/fscplots/EMD-16928.png",1.579,"2025-08-05T18:51:03.704938Z"
385,"2","Typical smooth","2025-08-05T18:51:05.006048Z",383,"/data/local-files/?d=Users/jturner/PycharmProjects/fscurvedl/dataprepscripts/fscplots/EMD-16929.png",1.003,"2025-08-05T18:51:05.006065Z"
386,"2","Atypical Noisy","2025-08-05T18:51:08.099294Z",384,"/data/local-files/?d=Users/jturner/PycharmProjects/fscurvedl/dataprepscripts/fscplots/EMD-16931.png",2.787,"2025-08-05T18:51:08.099315Z"
387,"2","Atypical Noisy","2025-08-05T18:51:09.379864Z",385,"/data/local-files/?d=Users/jturner/PycharmProjects/fscurvedl/dataprepscripts/fscplots/EMD-16932.png",0.98,"2025-08-05T18:51:09.379877Z"
388,"2","Typical Noisy","2025-08-05T18:51:13.348657Z",386,"/data/local-files/?d=Users/jturner/PycharmProjects/fscurvedl/dataprepscripts/fscplots/EMD-16933.png",3.648,"2025-08-05T18:51:13.348679Z"
389,"2","Typical smooth","2025-08-05T18:51:14.754050Z",387,"/data/local-files/?d=Users/jturner/PycharmProjects/fscurvedl/dataprepscripts/fscplots/EMD-16937.png",1.104,"2025-08-05T18:51:14.754064Z"
390,"2","Typical peaks","2025-08-05T18:51:16.501490Z",388,"/data/local-files/?d=Users/jturner/PycharmProjects/fscurvedl/dataprepscripts/fscplots/EMD-16938.png",1.434,"2025-08-05T18:51:16.501517Z"
391,"2","Typical Noisy","2025-08-05T18:51:24.088084Z",389,"/data/local-files/?d=Users/jturner/PycharmProjects/fscurvedl/dataprepscripts/fscplots/EMD-16939.png",7.279,"2025-08-05T18:51:24.088103Z"
392,"2","Atypical Noisy","2025-08-05T18:51:30.216880Z",390,"/data/local-files/?d=Users/jturner/PycharmProjects/fscurvedl/dataprepscripts/fscplots/EMD-16940.png",5.823,"2025-08-05T18:51:30.216904Z"
393,"2","Atypical incorrect","2025-08-05T18:51:34.687448Z",391,"/data/local-files/?d=Users/jturner/PycharmProjects/fscurvedl/dataprepscripts/fscplots/EMD-16941.png",4.164,"2025-08-05T18:51:34.687470Z"
394,"2","Typical smooth","2025-08-05T18:51:37.120824Z",392,"/data/local-files/?d=Users/jturner/PycharmProjects/fscurvedl/dataprepscripts/fscplots/EMD-16942.png",2.064,"2025-08-05T18:51:37.120844Z"
395,"2","Atypical Noisy","2025-08-05T18:51:43.921889Z",393,"/data/local-files/?d=Users/jturner/PycharmProjects/fscurvedl/dataprepscripts/fscplots/EMD-16943.png",6.496,"2025-08-05T18:51:43.921909Z"
396,"2","Typical peaks","2025-08-05T18:51:45.935012Z",394,"/data/local-files/?d=Users/jturner/PycharmProjects/fscurvedl/dataprepscripts/fscplots/EMD-16944.png",1.706,"2025-08-05T18:51:45.935032Z"
397,"2","Atypical Noisy","2025-08-05T18:51:49.559513Z",395,"/data/local-files/?d=Users/jturner/PycharmProjects/fscurvedl/dataprepscripts/fscplots/EMD-16945.png",3.241,"2025-08-05T18:51:49.559537Z"
398,"2","Atypical Noisy","2025-08-05T18:51:52.087100Z",396,"/data/local-files/?d=Users/jturner/PycharmProjects/fscurvedl/dataprepscripts/fscplots/EMD-16946.png",2.145,"2025-08-05T18:51:52.087113Z"
399,"2","Atypical incorrect","2025-08-05T18:51:54.510896Z",397,"/data/local-files/?d=Users/jturner/PycharmProjects/fscurvedl/dataprepscripts/fscplots/EMD-16947.png",2.112,"2025-08-05T18:51:54.510918Z"
400,"2","Atypical Noisy","2025-08-05T18:51:58.218041Z",398,"/data/local-files/?d=Users/jturner/PycharmProjects/fscurvedl/dataprepscripts/fscplots/EMD-16948.png",3.382,"2025-08-05T18:51:58.218061Z"
401,"2","Typical smooth","2025-08-05T18:52:00.223858Z",399,"/data/local-files/?d=Users/jturner/PycharmProjects/fscurvedl/dataprepscripts/fscplots/EMD-16949.png",1.699,"2025-08-05T18:52:00.223874Z"
402,"2","Atypical incorrect","2025-08-05T18:52:04.932551Z",400,"/data/local-files/?d=Users/jturner/PycharmProjects/fscurvedl/dataprepscripts/fscplots/EMD-16950.png",4.312,"2025-08-05T18:52:04.932572Z"
403,"2","Atypical Noisy","2025-08-05T18:52:07.903773Z",401,"/data/local-files/?d=Users/jturner/PycharmProjects/fscurvedl/dataprepscripts/fscplots/EMD-16951.png",2.658,"2025-08-05T18:52:07.903794Z"
404,"2","Typical peaks","2025-08-05T18:52:10.431257Z",402,"/data/local-files/?d=Users/jturner/PycharmProjects/fscurvedl/dataprepscripts/fscplots/EMD-16952.png",2.225,"2025-08-05T18:52:10.431278Z"
405,"2","Typical peaks","2025-08-05T18:52:12.040871Z",403,"/data/local-files/?d=Users/jturner/PycharmProjects/fscurvedl/dataprepscripts/fscplots/EMD-16953.png",1.276,"2025-08-05T18:52:12.040888Z"
406,"2","Atypical incorrect","2025-08-05T18:52:18.982950Z",404,"/data/local-files/?d=Users/jturner/PycharmProjects/fscurvedl/dataprepscripts/fscplots/EMD-16954.png",6.643,"2025-08-05T18:52:18.982971Z"
407,"2","Atypical other","2025-08-05T18:52:20.926907Z",405,"/data/local-files/?d=Users/jturner/PycharmProjects/fscurvedl/dataprepscripts/fscplots/EMD-16955.png",1.625,"2025-08-05T18:52:20.926928Z"
408,"2","Atypical incorrect","2025-08-05T18:52:23.268288Z",406,"/data/local-files/?d=Users/jturner/PycharmProjects/fscurvedl/dataprepscripts/fscplots/EMD-16956.png",2.021,"2025-08-05T18:52:23.268302Z"
409,"2","Typical smooth","2025-08-05T18:52:27.059368Z",407,"/data/local-files/?d=Users/jturner/PycharmProjects/fscurvedl/dataprepscripts/fscplots/EMD-16957.png",3.484,"2025-08-05T18:52:27.059390Z"
410,"2","Typical peaks","2025-08-05T18:52:46.958703Z",408,"/data/local-files/?d=Users/jturner/PycharmProjects/fscurvedl/dataprepscripts/fscplots/EMD-16959.png",3.932,"2025-08-05T18:52:46.958718Z"
411,"2","Typical peaks","2025-08-05T18:52:48.343957Z",409,"/data/local-files/?d=Users/jturner/PycharmProjects/fscurvedl/dataprepscripts/fscplots/EMD-16960.png",1.071,"2025-08-05T18:52:48.343975Z"
412,"2","Typical peaks","2025-08-05T18:52:49.537260Z",410,"/data/local-files/?d=Users/jturner/PycharmProjects/fscurvedl/dataprepscripts/fscplots/EMD-16961.png",0.875,"2025-08-05T18:52:49.537276Z"
413,"2","Typical smooth","2025-08-05T18:52:52.255403Z",411,"/data/local-files/?d=Users/jturner/PycharmProjects/fscurvedl/dataprepscripts/fscplots/EMD-16970.png",2.405,"2025-08-05T18:52:52.255425Z"
414,"2","Typical smooth","2025-08-05T18:52:53.722121Z",412,"/data/local-files/?d=Users/jturner/PycharmProjects/fscurvedl/dataprepscripts/fscplots/EMD-16976.png",1.154,"2025-08-05T18:52:53.722135Z"
415,"2","Typical smooth","2025-08-05T18:52:54.937304Z",413,"/data/local-files/?d=Users/jturner/PycharmProjects/fscurvedl/dataprepscripts/fscplots/EMD-16981.png",0.876,"2025-08-05T18:52:54.937319Z"
416,"2","Typical smooth","2025-08-05T18:52:56.256231Z",414,"/data/local-files/?d=Users/jturner/PycharmProjects/fscurvedl/dataprepscripts/fscplots/EMD-16982.png",1.008,"2025-08-05T18:52:56.256244Z"
417,"2","Typical smooth","2025-08-05T18:52:57.690025Z",415,"/data/local-files/?d=Users/jturner/PycharmProjects/fscurvedl/dataprepscripts/fscplots/EMD-16983.png",1.113,"2025-08-05T18:52:57.690038Z"
418,"2","Typical smooth","2025-08-05T18:52:59.246800Z",416,"/data/local-files/?d=Users/jturner/PycharmProjects/fscurvedl/dataprepscripts/fscplots/EMD-16984.png",1.245,"2025-08-05T18:52:59.246811Z"
419,"2","Typical smooth","2025-08-05T18:53:01.206509Z",417,"/data/local-files/?d=Users/jturner/PycharmProjects/fscurvedl/dataprepscripts/fscplots/EMD-16985.png",1.642,"2025-08-05T18:53:01.206524Z"
420,"2","Typical Noisy","2025-08-05T18:53:04.421372Z",418,"/data/local-files/?d=Users/jturner/PycharmProjects/fscurvedl/dataprepscripts/fscplots/EMD-16986.png",2.88,"2025-08-05T18:53:04.421386Z"
421,"2","Typical Noisy","2025-08-05T18:53:06.521228Z",419,"/data/local-files/?d=Users/jturner/PycharmProjects/fscurvedl/dataprepscripts/fscplots/EMD-16987.png",1.781,"2025-08-05T18:53:06.521252Z"
422,"2","Atypical Noisy","2025-08-05T18:53:08.900111Z",420,"/data/local-files/?d=Users/jturner/PycharmProjects/fscurvedl/dataprepscripts/fscplots/EMD-16990.png",2.061,"2025-08-05T18:53:08.900124Z"
423,"2","Atypical Noisy","2025-08-05T18:53:10.218650Z",421,"/data/local-files/?d=Users/jturner/PycharmProjects/fscurvedl/dataprepscripts/fscplots/EMD-16991.png",1.008,"2025-08-05T18:53:10.218665Z"
424,"2","Atypical Noisy","2025-08-05T18:53:12.101959Z",422,"/data/local-files/?d=Users/jturner/PycharmProjects/fscurvedl/dataprepscripts/fscplots/EMD-16992.png",1.567,"2025-08-05T18:53:12.101978Z"
425,"2","Atypical Noisy","2025-08-05T18:53:13.475907Z",423,"/data/local-files/?d=Users/jturner/PycharmProjects/fscurvedl/dataprepscripts/fscplots/EMD-16993.png",1.06,"2025-08-05T18:53:13.475920Z"
426,"2","Atypical Noisy","2025-08-05T18:53:15.955455Z",424,"/data/local-files/?d=Users/jturner/PycharmProjects/fscurvedl/dataprepscripts/fscplots/EMD-16994.png",2.16,"2025-08-05T18:53:15.955476Z"
427,"2","Atypical Noisy","2025-08-05T18:53:17.275917Z",425,"/data/local-files/?d=Users/jturner/PycharmProjects/fscurvedl/dataprepscripts/fscplots/EMD-16995.png",0.999,"2025-08-05T18:53:17.275949Z"
428,"2","Typical Noisy","2025-08-05T18:53:19.885353Z",426,"/data/local-files/?d=Users/jturner/PycharmProjects/fscurvedl/dataprepscripts/fscplots/EMD-16996.png",2.277,"2025-08-05T18:53:19.885368Z"
429,"2","Atypical Noisy","2025-08-05T18:53:21.374072Z",427,"/data/local-files/?d=Users/jturner/PycharmProjects/fscurvedl/dataprepscripts/fscplots/EMD-16997.png",1.063,"2025-08-05T18:53:21.374078Z"
430,"2","Typical smooth","2025-08-05T18:53:22.964941Z",428,"/data/local-files/?d=Users/jturner/PycharmProjects/fscurvedl/dataprepscripts/fscplots/EMD-16999.png",1.293,"2025-08-05T18:53:22.964962Z"
431,"2","Atypical incorrect","2025-08-05T18:53:25.797501Z",429,"/data/local-files/?d=Users/jturner/PycharmProjects/fscurvedl/dataprepscripts/fscplots/EMD-17001.png",2.519,"2025-08-05T18:53:25.797522Z"
432,"2","Typical smooth","2025-08-05T18:53:27.624713Z",430,"/data/local-files/?d=Users/jturner/PycharmProjects/fscurvedl/dataprepscripts/fscplots/EMD-17002.png",1.509,"2025-08-05T18:53:27.624735Z"
433,"2","Typical smooth","2025-08-05T18:53:28.736733Z",431,"/data/local-files/?d=Users/jturner/PycharmProjects/fscurvedl/dataprepscripts/fscplots/EMD-17003.png",0.79,"2025-08-05T18:53:28.736748Z"
434,"2","Typical smooth","2025-08-05T18:53:30.469785Z",432,"/data/local-files/?d=Users/jturner/PycharmProjects/fscurvedl/dataprepscripts/fscplots/EMD-17004.png",1.398,"2025-08-05T18:53:30.469798Z"
435,"2","Typical smooth","2025-08-05T18:53:31.658052Z",433,"/data/local-files/?d=Users/jturner/PycharmProjects/fscurvedl/dataprepscripts/fscplots/EMD-17013.png",0.869,"2025-08-05T18:53:31.658066Z"
436,"2","Typical smooth","2025-08-05T18:53:32.739471Z",434,"/data/local-files/?d=Users/jturner/PycharmProjects/fscurvedl/dataprepscripts/fscplots/EMD-17014.png",0.757,"2025-08-05T18:53:32.739493Z"
437,"2","Atypical other","2025-08-05T18:53:35.705219Z",435,"/data/local-files/?d=Users/jturner/PycharmProjects/fscurvedl/dataprepscripts/fscplots/EMD-17015.png",2.636,"2025-08-05T18:53:35.705246Z"
438,"2","Typical smooth","2025-08-05T18:53:38.000456Z",436,"/data/local-files/?d=Users/jturner/PycharmProjects/fscurvedl/dataprepscripts/fscplots/EMD-17018.png",1.965,"2025-08-05T18:53:38.000477Z"
439,"2","Typical smooth","2025-08-05T18:53:41.786762Z",437,"/data/local-files/?d=Users/jturner/PycharmProjects/fscurvedl/dataprepscripts/fscplots/EMD-17020.png",3.455,"2025-08-05T18:53:41.786785Z"
440,"2","Typical smooth","2025-08-05T18:53:43.274863Z",438,"/data/local-files/?d=Users/jturner/PycharmProjects/fscurvedl/dataprepscripts/fscplots/EMD-17021.png",1.162,"2025-08-05T18:53:43.274885Z"
441,"2","Typical peaks","2025-08-05T18:53:45.953050Z",439,"/data/local-files/?d=Users/jturner/PycharmProjects/fscurvedl/dataprepscripts/fscplots/EMD-17022.png",2.362,"2025-08-05T18:53:45.953071Z"
442,"2","Typical smooth","2025-08-05T18:53:47.174827Z",440,"/data/local-files/?d=Users/jturner/PycharmProjects/fscurvedl/dataprepscripts/fscplots/EMD-17024.png",0.884,"2025-08-05T18:53:47.174843Z"
443,"2","Typical smooth","2025-08-05T18:53:48.709742Z",441,"/data/local-files/?d=Users/jturner/PycharmProjects/fscurvedl/dataprepscripts/fscplots/EMD-17039.png",1.208,"2025-08-05T18:53:48.709763Z"
444,"2","Typical peaks","2025-08-05T18:53:50.373076Z",442,"/data/local-files/?d=Users/jturner/PycharmProjects/fscurvedl/dataprepscripts/fscplots/EMD-17040.png",1.338,"2025-08-05T18:53:50.373090Z"
445,"2","Typical peaks","2025-08-05T18:53:52.052252Z",443,"/data/local-files/?d=Users/jturner/PycharmProjects/fscurvedl/dataprepscripts/fscplots/EMD-17041.png",1.36,"2025-08-05T18:53:52.052264Z"
446,"2","Typical peaks","2025-08-05T18:53:53.453079Z",444,"/data/local-files/?d=Users/jturner/PycharmProjects/fscurvedl/dataprepscripts/fscplots/EMD-17042.png",1.066,"2025-08-05T18:53:53.453093Z"
447,"2","Typical peaks","2025-08-05T18:53:54.620945Z",445,"/data/local-files/?d=Users/jturner/PycharmProjects/fscurvedl/dataprepscripts/fscplots/EMD-17043.png",0.861,"2025-08-05T18:53:54.620967Z"
448,"2","Typical peaks","2025-08-05T18:54:10.010014Z",446,"/data/local-files/?d=Users/jturner/PycharmProjects/fscurvedl/dataprepscripts/fscplots/EMD-17044.png",15.076,"2025-08-05T18:54:10.010026Z"
449,"2","Typical Noisy","2025-08-05T18:54:13.760427Z",447,"/data/local-files/?d=Users/jturner/PycharmProjects/fscurvedl/dataprepscripts/fscplots/EMD-17046.png",3.383,"2025-08-05T18:54:13.760448Z"
450,"2","Typical Noisy","2025-08-05T18:54:15.938838Z",448,"/data/local-files/?d=Users/jturner/PycharmProjects/fscurvedl/dataprepscripts/fscplots/EMD-17047.png",1.796,"2025-08-05T18:54:15.938861Z"
451,"2","Typical Noisy","2025-08-05T18:54:17.442184Z",449,"/data/local-files/?d=Users/jturner/PycharmProjects/fscurvedl/dataprepscripts/fscplots/EMD-17048.png",1.17,"2025-08-05T18:54:17.442201Z"
452,"2","Atypical incorrect","2025-08-05T18:54:20.435683Z",450,"/data/local-files/?d=Users/jturner/PycharmProjects/fscurvedl/dataprepscripts/fscplots/EMD-17049.png",2.651,"2025-08-05T18:54:20.435709Z"
453,"2","Typical smooth","2025-08-05T18:54:22.819311Z",451,"/data/local-files/?d=Users/jturner/PycharmProjects/fscurvedl/dataprepscripts/fscplots/EMD-17050.png",2.061,"2025-08-05T18:54:22.819334Z"
454,"2","Typical smooth","2025-08-05T18:54:24.328029Z",452,"/data/local-files/?d=Users/jturner/PycharmProjects/fscurvedl/dataprepscripts/fscplots/EMD-17051.png",1.177,"2025-08-05T18:54:24.328043Z"
455,"2","Typical smooth","2025-08-05T18:54:27.071108Z",453,"/data/local-files/?d=Users/jturner/PycharmProjects/fscurvedl/dataprepscripts/fscplots/EMD-17052.png",2.374,"2025-08-05T18:54:27.071131Z"
456,"2","Typical smooth","2025-08-05T18:54:28.475543Z",454,"/data/local-files/?d=Users/jturner/PycharmProjects/fscurvedl/dataprepscripts/fscplots/EMD-17053.png",1.074,"2025-08-05T18:54:28.475559Z"
457,"2","Typical Noisy","2025-08-05T18:54:32.854791Z",455,"/data/local-files/?d=Users/jturner/PycharmProjects/fscurvedl/dataprepscripts/fscplots/EMD-17054.png",4.051,"2025-08-05T18:54:32.854807Z"
458,"2","Typical Noisy","2025-08-05T18:54:34.691383Z",456,"/data/local-files/?d=Users/jturner/PycharmProjects/fscurvedl/dataprepscripts/fscplots/EMD-17055.png",1.506,"2025-08-05T18:54:34.691397Z"
459,"2","Typical smooth","2025-08-05T18:54:36.275573Z",457,"/data/local-files/?d=Users/jturner/PycharmProjects/fscurvedl/dataprepscripts/fscplots/EMD-17056.png",1.245,"2025-08-05T18:54:36.275588Z"
460,"2","Typical smooth","2025-08-05T18:54:37.560011Z",458,"/data/local-files/?d=Users/jturner/PycharmProjects/fscurvedl/dataprepscripts/fscplots/EMD-17057.png",0.951,"2025-08-05T18:54:37.560029Z"
461,"2","Typical smooth","2025-08-05T18:54:38.654947Z",459,"/data/local-files/?d=Users/jturner/PycharmProjects/fscurvedl/dataprepscripts/fscplots/EMD-17058.png",0.767,"2025-08-05T18:54:38.654967Z"
462,"2","Typical Noisy","2025-08-05T18:54:39.786383Z",460,"/data/local-files/?d=Users/jturner/PycharmProjects/fscurvedl/dataprepscripts/fscplots/EMD-17059.png",0.808,"2025-08-05T18:54:39.786403Z"
463,"2","Typical Noisy","2025-08-05T18:54:41.412980Z",461,"/data/local-files/?d=Users/jturner/PycharmProjects/fscurvedl/dataprepscripts/fscplots/EMD-17060.png",1.209,"2025-08-05T18:54:41.412993Z"
464,"2","Typical Noisy","2025-08-05T18:54:42.886263Z",462,"/data/local-files/?d=Users/jturner/PycharmProjects/fscurvedl/dataprepscripts/fscplots/EMD-17061.png",1.14,"2025-08-05T18:54:42.886273Z"
465,"2","Typical smooth","2025-08-05T18:54:44.375507Z",463,"/data/local-files/?d=Users/jturner/PycharmProjects/fscurvedl/dataprepscripts/fscplots/EMD-17062.png",1.206,"2025-08-05T18:54:44.375531Z"
466,"2","Typical smooth","2025-08-05T18:54:45.674442Z",464,"/data/local-files/?d=Users/jturner/PycharmProjects/fscurvedl/dataprepscripts/fscplots/EMD-17063.png",0.96,"2025-08-05T18:54:45.674458Z"
467,"2","Typical Noisy","2025-08-05T18:54:48.956713Z",465,"/data/local-files/?d=Users/jturner/PycharmProjects/fscurvedl/dataprepscripts/fscplots/EMD-17064.png",2.947,"2025-08-05T18:54:48.956736Z"
468,"2","Typical Noisy","2025-08-05T18:54:52.087784Z",466,"/data/local-files/?d=Users/jturner/PycharmProjects/fscurvedl/dataprepscripts/fscplots/EMD-17065.png",2.791,"2025-08-05T18:54:52.087808Z"
469,"2","Typical smooth","2025-08-05T18:54:53.660523Z",467,"/data/local-files/?d=Users/jturner/PycharmProjects/fscurvedl/dataprepscripts/fscplots/EMD-17066.png",1.22,"2025-08-05T18:54:53.660545Z"
470,"2","Typical smooth","2025-08-05T18:54:55.256459Z",468,"/data/local-files/?d=Users/jturner/PycharmProjects/fscurvedl/dataprepscripts/fscplots/EMD-17067.png",1.249,"2025-08-05T18:54:55.256480Z"
471,"2","Typical smooth","2025-08-05T18:54:56.643707Z",469,"/data/local-files/?d=Users/jturner/PycharmProjects/fscurvedl/dataprepscripts/fscplots/EMD-17068.png",1.053,"2025-08-05T18:54:56.643720Z"
472,"2","Typical Noisy","2025-08-05T18:54:57.863549Z",470,"/data/local-files/?d=Users/jturner/PycharmProjects/fscurvedl/dataprepscripts/fscplots/EMD-17069.png",0.882,"2025-08-05T18:54:57.863564Z"
473,"2","Typical Noisy","2025-08-05T18:54:59.340192Z",471,"/data/local-files/?d=Users/jturner/PycharmProjects/fscurvedl/dataprepscripts/fscplots/EMD-17070.png",1.141,"2025-08-05T18:54:59.340212Z"
474,"2","Typical Noisy","2025-08-05T18:55:01.039442Z",472,"/data/local-files/?d=Users/jturner/PycharmProjects/fscurvedl/dataprepscripts/fscplots/EMD-17071.png",1.361,"2025-08-05T18:55:01.039462Z"
475,"2","Typical smooth","2025-08-05T18:55:02.374206Z",473,"/data/local-files/?d=Users/jturner/PycharmProjects/fscurvedl/dataprepscripts/fscplots/EMD-17072.png",0.987,"2025-08-05T18:55:02.374231Z"
476,"2","Typical Noisy","2025-08-05T18:55:04.054558Z",474,"/data/local-files/?d=Users/jturner/PycharmProjects/fscurvedl/dataprepscripts/fscplots/EMD-17073.png",1.347,"2025-08-05T18:55:04.054585Z"
477,"2","Typical smooth","2025-08-05T18:55:05.546350Z",475,"/data/local-files/?d=Users/jturner/PycharmProjects/fscurvedl/dataprepscripts/fscplots/EMD-17074.png",1.151,"2025-08-05T18:55:05.546371Z"
478,"2","Typical smooth","2025-08-05T18:55:06.905196Z",476,"/data/local-files/?d=Users/jturner/PycharmProjects/fscurvedl/dataprepscripts/fscplots/EMD-17075.png",1.029,"2025-08-05T18:55:06.905209Z"
479,"2","Typical peaks","2025-08-05T18:55:08.891623Z",477,"/data/local-files/?d=Users/jturner/PycharmProjects/fscurvedl/dataprepscripts/fscplots/EMD-17084.png",1.645,"2025-08-05T18:55:08.891640Z"
480,"2","Typical peaks","2025-08-05T18:55:10.778323Z",478,"/data/local-files/?d=Users/jturner/PycharmProjects/fscurvedl/dataprepscripts/fscplots/EMD-17086.png",1.543,"2025-08-05T18:55:10.778343Z"
481,"2","Typical peaks","2025-08-05T18:55:12.272418Z",479,"/data/local-files/?d=Users/jturner/PycharmProjects/fscurvedl/dataprepscripts/fscplots/EMD-17087.png",1.142,"2025-08-05T18:55:12.272439Z"
482,"2","Typical smooth","2025-08-05T18:55:13.776634Z",480,"/data/local-files/?d=Users/jturner/PycharmProjects/fscurvedl/dataprepscripts/fscplots/EMD-17089.png",1.168,"2025-08-05T18:55:13.776648Z"
483,"2","Typical smooth","2025-08-05T18:55:15.509932Z",481,"/data/local-files/?d=Users/jturner/PycharmProjects/fscurvedl/dataprepscripts/fscplots/EMD-17090.png",1.397,"2025-08-05T18:55:15.509948Z"
484,"2","Typical smooth","2025-08-05T18:55:16.721580Z",482,"/data/local-files/?d=Users/jturner/PycharmProjects/fscurvedl/dataprepscripts/fscplots/EMD-17091.png",0.882,"2025-08-05T18:55:16.721600Z"
485,"2","Typical smooth","2025-08-05T18:55:18.357725Z",483,"/data/local-files/?d=Users/jturner/PycharmProjects/fscurvedl/dataprepscripts/fscplots/EMD-17092.png",1.226,"2025-08-05T18:55:18.357741Z"
486,"2","Typical smooth","2025-08-05T18:55:19.639295Z",484,"/data/local-files/?d=Users/jturner/PycharmProjects/fscurvedl/dataprepscripts/fscplots/EMD-17093.png",0.944,"2025-08-05T18:55:19.639309Z"
487,"2","Typical smooth","2025-08-05T18:55:21.046830Z",485,"/data/local-files/?d=Users/jturner/PycharmProjects/fscurvedl/dataprepscripts/fscplots/EMD-17094.png",1.073,"2025-08-05T18:55:21.046854Z"
488,"2","Typical smooth","2025-08-05T18:55:23.123843Z",486,"/data/local-files/?d=Users/jturner/PycharmProjects/fscurvedl/dataprepscripts/fscplots/EMD-17095.png",1.738,"2025-08-05T18:55:23.123862Z"
489,"2","Typical Noisy","2025-08-05T18:55:25.441512Z",487,"/data/local-files/?d=Users/jturner/PycharmProjects/fscurvedl/dataprepscripts/fscplots/EMD-17096.png",1.977,"2025-08-05T18:55:25.441528Z"
490,"2","Typical Noisy","2025-08-05T18:55:27.338366Z",488,"/data/local-files/?d=Users/jturner/PycharmProjects/fscurvedl/dataprepscripts/fscplots/EMD-17097.png",1.56,"2025-08-05T18:55:27.338387Z"
491,"2","Typical smooth","2025-08-05T18:55:29.025139Z",489,"/data/local-files/?d=Users/jturner/PycharmProjects/fscurvedl/dataprepscripts/fscplots/EMD-17098.png",1.347,"2025-08-05T18:55:29.025156Z"
492,"2","Typical smooth","2025-08-05T18:55:30.493662Z",490,"/data/local-files/?d=Users/jturner/PycharmProjects/fscurvedl/dataprepscripts/fscplots/EMD-17099.png",1.131,"2025-08-05T18:55:30.493684Z"
493,"2","Typical smooth","2025-08-05T18:55:32.027026Z",491,"/data/local-files/?d=Users/jturner/PycharmProjects/fscurvedl/dataprepscripts/fscplots/EMD-17100.png",1.184,"2025-08-05T18:55:32.027040Z"
494,"2","Typical smooth","2025-08-05T18:55:33.339280Z",492,"/data/local-files/?d=Users/jturner/PycharmProjects/fscurvedl/dataprepscripts/fscplots/EMD-17101.png",0.969,"2025-08-05T18:55:33.339305Z"
495,"2","Typical smooth","2025-08-05T18:55:34.621984Z",493,"/data/local-files/?d=Users/jturner/PycharmProjects/fscurvedl/dataprepscripts/fscplots/EMD-17102.png",0.942,"2025-08-05T18:55:34.622006Z"
496,"2","Typical smooth","2025-08-05T18:55:36.967086Z",494,"/data/local-files/?d=Users/jturner/PycharmProjects/fscurvedl/dataprepscripts/fscplots/EMD-17103.png",2.009,"2025-08-05T18:55:36.967106Z"
497,"2","Typical Noisy","2025-08-05T18:55:40.369798Z",495,"/data/local-files/?d=Users/jturner/PycharmProjects/fscurvedl/dataprepscripts/fscplots/EMD-17104.png",3.072,"2025-08-05T18:55:40.369827Z"
498,"2","Typical Noisy","2025-08-05T18:55:42.625641Z",496,"/data/local-files/?d=Users/jturner/PycharmProjects/fscurvedl/dataprepscripts/fscplots/EMD-17105.png",1.9,"2025-08-05T18:55:42.625657Z"
499,"2","Typical Noisy","2025-08-05T18:55:50.370466Z",497,"/data/local-files/?d=Users/jturner/PycharmProjects/fscurvedl/dataprepscripts/fscplots/EMD-17109.png",7.4,"2025-08-05T18:55:50.370486Z"
500,"2","","2025-08-05T18:55:54.669583Z",498,"/data/local-files/?d=Users/jturner/PycharmProjects/fscurvedl/dataprepscripts/fscplots/EMD-17111.png",3.866,"2025-08-05T18:55:54.669604Z"
501,"2","Typical smooth","2025-08-05T18:55:56.654258Z",499,"/data/local-files/?d=Users/jturner/PycharmProjects/fscurvedl/dataprepscripts/fscplots/EMD-17112.png",1.64,"2025-08-05T18:55:56.654279Z"
502,"2","Typical peaks","2025-08-05T18:55:58.170917Z",500,"/data/local-files/?d=Users/jturner/PycharmProjects/fscurvedl/dataprepscripts/fscplots/EMD-17113.png",1.158,"2025-08-05T18:55:58.170937Z"
503,"2","Typical Noisy","2025-08-05T18:56:00.877032Z",501,"/data/local-files/?d=Users/jturner/PycharmProjects/fscurvedl/dataprepscripts/fscplots/EMD-17119.png",2.363,"2025-08-05T18:56:00.877048Z"
504,"2","Typical Noisy","2025-08-05T18:56:02.219714Z",502,"/data/local-files/?d=Users/jturner/PycharmProjects/fscurvedl/dataprepscripts/fscplots/EMD-17125.png",1.004,"2025-08-05T18:56:02.219735Z"
505,"2","Typical smooth","2025-08-05T18:56:03.909365Z",503,"/data/local-files/?d=Users/jturner/PycharmProjects/fscurvedl/dataprepscripts/fscplots/EMD-17126.png",1.345,"2025-08-05T18:56:03.909380Z"
506,"2","Typical smooth","2025-08-05T18:56:09.223113Z",504,"/data/local-files/?d=Users/jturner/PycharmProjects/fscurvedl/dataprepscripts/fscplots/EMD-17127.png",4.965,"2025-08-05T18:56:09.223124Z"
507,"2","Typical smooth","2025-08-05T18:56:10.567435Z",505,"/data/local-files/?d=Users/jturner/PycharmProjects/fscurvedl/dataprepscripts/fscplots/EMD-17128.png",1.015,"2025-08-05T18:56:10.567455Z"
508,"2","Typical smooth","2025-08-05T18:56:11.883708Z",506,"/data/local-files/?d=Users/jturner/PycharmProjects/fscurvedl/dataprepscripts/fscplots/EMD-17130.png",0.962,"2025-08-05T18:56:11.883727Z"
509,"2","Typical Noisy","2025-08-05T18:56:14.925620Z",507,"/data/local-files/?d=Users/jturner/PycharmProjects/fscurvedl/dataprepscripts/fscplots/EMD-17131.png",2.689,"2025-08-05T18:56:14.925634Z"
510,"2","Typical smooth","2025-08-05T18:56:19.191857Z",508,"/data/local-files/?d=Users/jturner/PycharmProjects/fscurvedl/dataprepscripts/fscplots/EMD-17132.png",3.909,"2025-08-05T18:56:19.191876Z"
